local_time_utc,gngga,gnrmc
2025-12-09T14:53:19.141748Z,$GNGGA,145319.00,5703.82666,N,01001.91387,E,5,12,0.60,-2.5,M,42.3,M,1.0,0000*41,$GNRMC,145319.00,A,5703.82666,N,01001.91387,E,0.020,,091225,,,F,V*1E
2025-12-09T14:53:20.179378Z,$GNGGA,145319.00,5703.82666,N,01001.91387,E,5,12,0.60,-2.5,M,42.3,M,1.0,0000*41,$GNRMC,145320.00,A,5703.82666,N,01001.91387,E,0.021,,091225,,,F,V*15
2025-12-09T14:53:20.184061Z,$GNGGA,145320.00,5703.82666,N,01001.91387,E,5,12,0.60,-2.5,M,42.3,M,1.0,0000*4B,$GNRMC,145320.00,A,5703.82666,N,01001.91387,E,0.021,,091225,,,F,V*15
2025-12-09T14:53:21.148541Z,$GNGGA,145320.00,5703.82666,N,01001.91387,E,5,12,0.60,-2.5,M,42.3,M,1.0,0000*4B,$GNRMC,145321.00,A,5703.82665,N,01001.91389,E,0.066,,091225,,,F,V*1A
2025-12-09T14:53:21.153230Z,$GNGGA,145321.00,5703.82665,N,01001.91389,E,5,12,0.61,-2.5,M,42.3,M,1.0,0000*46,$GNRMC,145321.00,A,5703.82665,N,01001.91389,E,0.066,,091225,,,F,V*1A
2025-12-09T14:53:22.188447Z,$GNGGA,145321.00,5703.82665,N,01001.91389,E,5,12,0.61,-2.5,M,42.3,M,1.0,0000*46,$GNRMC,145322.00,A,5703.82666,N,01001.91390,E,0.013,,091225,,,F,V*10
2025-12-09T14:53:22.193072Z,$GNGGA,145322.00,5703.82666,N,01001.91390,E,5,12,0.60,-2.5,M,42.3,M,1.0,0000*4F,$GNRMC,145322.00,A,5703.82666,N,01001.91390,E,0.013,,091225,,,F,V*10
2025-12-09T14:53:23.139159Z,$GNGGA,145322.00,5703.82666,N,01001.91390,E,5,12,0.60,-2.5,M,42.3,M,1.0,0000*4F,$GNRMC,145323.00,A,5703.82666,N,01001.91390,E,0.033,,091225,,,F,V*13
2025-12-09T14:53:23.142680Z,$GNGGA,145323.00,5703.82666,N,01001.91390,E,5,12,0.60,-2.5,M,42.3,M,1.0,0000*4E,$GNRMC,145323.00,A,5703.82666,N,01001.91390,E,0.033,,091225,,,F,V*13
2025-12-09T14:53:24.199196Z,$GNGGA,145323.00,5703.82666,N,01001.91390,E,5,12,0.60,-2.5,M,42.3,M,1.0,0000*4E,$GNRMC,145324.00,A,5703.82666,N,01001.91389,E,0.005,,091225,,,F,V*19
2025-12-09T14:53:24.205613Z,$GNGGA,145324.00,5703.82666,N,01001.91389,E,5,12,0.60,-2.5,M,42.3,M,1.0,0000*41,$GNRMC,145324.00,A,5703.82666,N,01001.91389,E,0.005,,091225,,,F,V*19
2025-12-09T14:53:25.146379Z,$GNGGA,145324.00,5703.82666,N,01001.91389,E,5,12,0.60,-2.5,M,42.3,M,1.0,0000*41,$GNRMC,145325.00,A,5703.82665,N,01001.91389,E,0.008,,091225,,,F,V*16
2025-12-09T14:53:25.151025Z,$GNGGA,145325.00,5703.82665,N,01001.91389,E,5,12,0.60,-2.5,M,42.3,M,1.0,0000*43,$GNRMC,145325.00,A,5703.82665,N,01001.91389,E,0.008,,091225,,,F,V*16
2025-12-09T14:53:26.185355Z,$GNGGA,145325.00,5703.82665,N,01001.91389,E,5,12,0.60,-2.5,M,42.3,M,1.0,0000*43,$GNRMC,145326.00,A,5703.82665,N,01001.91389,E,0.015,,091225,,,F,V*19
2025-12-09T14:53:26.189945Z,$GNGGA,145326.00,5703.82665,N,01001.91389,E,5,12,0.60,-2.5,M,42.3,M,1.0,0000*40,$GNRMC,145326.00,A,5703.82665,N,01001.91389,E,0.015,,091225,,,F,V*19
2025-12-09T14:53:27.147377Z,$GNGGA,145326.00,5703.82665,N,01001.91389,E,5,12,0.60,-2.5,M,42.3,M,1.0,0000*40,$GNRMC,145327.00,A,5703.82665,N,01001.91389,E,0.029,,091225,,,F,V*17
2025-12-09T14:53:27.152011Z,$GNGGA,145327.00,5703.82665,N,01001.91389,E,5,12,0.60,-2.4,M,42.3,M,1.0,0000*40,$GNRMC,145327.00,A,5703.82665,N,01001.91389,E,0.029,,091225,,,F,V*17
2025-12-09T14:53:28.177410Z,$GNGGA,145327.00,5703.82665,N,01001.91389,E,5,12,0.60,-2.4,M,42.3,M,1.0,0000*40,$GNRMC,145328.00,A,5703.82665,N,01001.91389,E,0.004,,091225,,,F,V*17
2025-12-09T14:53:28.181978Z,$GNGGA,145328.00,5703.82665,N,01001.91389,E,5,12,0.60,-2.4,M,42.3,M,1.0,0000*4F,$GNRMC,145328.00,A,5703.82665,N,01001.91389,E,0.004,,091225,,,F,V*17
2025-12-09T14:53:29.155299Z,$GNGGA,145328.00,5703.82665,N,01001.91389,E,5,12,0.60,-2.4,M,42.3,M,1.0,0000*4F,$GNRMC,145329.00,A,5703.82665,N,01001.91389,E,0.011,,091225,,,F,V*12
2025-12-09T14:53:29.160021Z,$GNGGA,145329.00,5703.82665,N,01001.91389,E,5,12,0.60,-2.4,M,42.3,M,1.0,0000*4E,$GNRMC,145329.00,A,5703.82665,N,01001.91389,E,0.011,,091225,,,F,V*12
2025-12-09T14:53:30.188418Z,$GNGGA,145329.00,5703.82665,N,01001.91389,E,5,12,0.60,-2.4,M,42.3,M,1.0,0000*4E,$GNRMC,145330.00,A,5703.82665,N,01001.91389,E,0.017,,091225,,,F,V*1C
2025-12-09T14:53:30.193076Z,$GNGGA,145330.00,5703.82665,N,01001.91389,E,5,12,0.60,-2.4,M,42.3,M,1.0,0000*46,$GNRMC,145330.00,A,5703.82665,N,01001.91389,E,0.017,,091225,,,F,V*1C
2025-12-09T14:53:31.158277Z,$GNGGA,145330.00,5703.82665,N,01001.91389,E,5,12,0.60,-2.4,M,42.3,M,1.0,0000*46,$GNRMC,145331.00,A,5703.82665,N,01001.91389,E,0.015,,091225,,,F,V*1F
2025-12-09T14:53:31.162872Z,$GNGGA,145331.00,5703.82665,N,01001.91389,E,5,12,0.60,-2.4,M,42.3,M,1.0,0000*47,$GNRMC,145331.00,A,5703.82665,N,01001.91389,E,0.015,,091225,,,F,V*1F
2025-12-09T14:53:32.192105Z,$GNGGA,145331.00,5703.82665,N,01001.91389,E,5,12,0.60,-2.4,M,42.3,M,1.0,0000*47,$GNRMC,145332.00,A,5703.82665,N,01001.91389,E,0.008,,091225,,,F,V*10
2025-12-09T14:53:32.196752Z,$GNGGA,145332.00,5703.82665,N,01001.91389,E,5,12,0.60,-2.4,M,42.3,M,1.0,0000*44,$GNRMC,145332.00,A,5703.82665,N,01001.91389,E,0.008,,091225,,,F,V*10
2025-12-09T14:53:33.158383Z,$GNGGA,145332.00,5703.82665,N,01001.91389,E,5,12,0.60,-2.4,M,42.3,M,1.0,0000*44,$GNRMC,145333.00,A,5703.82665,N,01001.91389,E,0.025,,091225,,,F,V*1E
2025-12-09T14:53:33.162964Z,$GNGGA,145333.00,5703.82665,N,01001.91389,E,5,12,0.60,-2.4,M,42.3,M,1.0,0000*45,$GNRMC,145333.00,A,5703.82665,N,01001.91389,E,0.025,,091225,,,F,V*1E
2025-12-09T14:53:34.194612Z,$GNGGA,145333.00,5703.82665,N,01001.91389,E,5,12,0.60,-2.4,M,42.3,M,1.0,0000*45,$GNRMC,145334.00,A,5703.82665,N,01001.91389,E,0.011,,091225,,,F,V*1E
2025-12-09T14:53:34.199328Z,$GNGGA,145334.00,5703.82665,N,01001.91389,E,5,12,0.60,-2.4,M,42.3,M,1.0,0000*42,$GNRMC,145334.00,A,5703.82665,N,01001.91389,E,0.011,,091225,,,F,V*1E
2025-12-09T14:53:35.164067Z,$GNGGA,145334.00,5703.82665,N,01001.91389,E,5,12,0.60,-2.4,M,42.3,M,1.0,0000*42,$GNRMC,145335.00,A,5703.82665,N,01001.91389,E,0.010,,091225,,,F,V*1E
2025-12-09T14:53:35.168635Z,$GNGGA,145335.00,5703.82665,N,01001.91389,E,5,12,0.60,-2.4,M,42.3,M,1.0,0000*43,$GNRMC,145335.00,A,5703.82665,N,01001.91389,E,0.010,,091225,,,F,V*1E
2025-12-09T14:53:36.197379Z,$GNGGA,145335.00,5703.82665,N,01001.91389,E,5,12,0.60,-2.4,M,42.3,M,1.0,0000*43,$GNRMC,145336.00,A,5703.82665,N,01001.91389,E,0.011,,091225,,,F,V*1C
2025-12-09T14:53:36.202088Z,$GNGGA,145336.00,5703.82665,N,01001.91389,E,5,12,0.60,-2.4,M,42.3,M,1.0,0000*40,$GNRMC,145336.00,A,5703.82665,N,01001.91389,E,0.011,,091225,,,F,V*1C
2025-12-09T14:53:37.165110Z,$GNGGA,145336.00,5703.82665,N,01001.91389,E,5,12,0.60,-2.4,M,42.3,M,1.0,0000*40,$GNRMC,145337.00,A,5703.82665,N,01001.91389,E,0.007,,091225,,,F,V*1A
2025-12-09T14:53:37.169828Z,$GNGGA,145337.00,5703.82665,N,01001.91389,E,5,12,0.60,-2.4,M,42.3,M,1.0,0000*41,$GNRMC,145337.00,A,5703.82665,N,01001.91389,E,0.007,,091225,,,F,V*1A
2025-12-09T14:53:38.199433Z,$GNGGA,145337.00,5703.82665,N,01001.91389,E,5,12,0.60,-2.4,M,42.3,M,1.0,0000*41,$GNRMC,145338.00,A,5703.82665,N,01001.91388,E,0.010,,091225,,,F,V*12
2025-12-09T14:53:38.204037Z,$GNGGA,145338.00,5703.82665,N,01001.91388,E,5,12,0.60,-2.4,M,42.3,M,1.0,0000*4F,$GNRMC,145338.00,A,5703.82665,N,01001.91388,E,0.010,,091225,,,F,V*12
2025-12-09T14:53:39.155374Z,$GNGGA,145338.00,5703.82665,N,01001.91388,E,5,12,0.60,-2.4,M,42.3,M,1.0,0000*4F,$GNRMC,145339.00,A,5703.82665,N,01001.91388,E,0.002,,091225,,,F,V*10
2025-12-09T14:53:39.160011Z,$GNGGA,145339.00,5703.82665,N,01001.91388,E,5,12,0.60,-2.4,M,42.3,M,1.0,0000*4E,$GNRMC,145339.00,A,5703.82665,N,01001.91388,E,0.002,,091225,,,F,V*10
2025-12-09T14:53:40.188423Z,$GNGGA,145339.00,5703.82665,N,01001.91388,E,5,12,0.60,-2.4,M,42.3,M,1.0,0000*4E,$GNRMC,145340.00,A,5703.82665,N,01001.91388,E,0.008,,091225,,,F,V*14
2025-12-09T14:53:40.192995Z,$GNGGA,145340.00,5703.82665,N,01001.91388,E,5,12,0.60,-2.4,M,42.3,M,1.0,0000*40,$GNRMC,145340.00,A,5703.82665,N,01001.91388,E,0.008,,091225,,,F,V*14
2025-12-09T14:53:41.148443Z,$GNGGA,145340.00,5703.82665,N,01001.91388,E,5,12,0.60,-2.4,M,42.3,M,1.0,0000*40,$GNRMC,145341.00,A,5703.82665,N,01001.91388,E,0.008,,091225,,,F,V*15
2025-12-09T14:53:41.153049Z,$GNGGA,145341.00,5703.82665,N,01001.91388,E,5,12,0.60,-2.4,M,42.3,M,1.0,0000*41,$GNRMC,145341.00,A,5703.82665,N,01001.91388,E,0.008,,091225,,,F,V*15
2025-12-09T14:53:42.189473Z,$GNGGA,145341.00,5703.82665,N,01001.91388,E,5,12,0.60,-2.4,M,42.3,M,1.0,0000*41,$GNRMC,145342.00,A,5703.82665,N,01001.91388,E,0.013,,091225,,,F,V*1C
2025-12-09T14:53:42.194194Z,$GNGGA,145342.00,5703.82665,N,01001.91388,E,5,12,0.60,-2.4,M,42.3,M,1.0,0000*42,$GNRMC,145342.00,A,5703.82665,N,01001.91388,E,0.013,,091225,,,F,V*1C
2025-12-09T14:53:43.147365Z,$GNGGA,145342.00,5703.82665,N,01001.91388,E,5,12,0.60,-2.4,M,42.3,M,1.0,0000*42,$GNRMC,145343.00,A,5703.82665,N,01001.91388,E,0.019,,091225,,,F,V*17
2025-12-09T14:53:43.152033Z,$GNGGA,145343.00,5703.82665,N,01001.91388,E,5,12,0.60,-2.4,M,42.3,M,1.0,0000*43,$GNRMC,145343.00,A,5703.82665,N,01001.91388,E,0.019,,091225,,,F,V*17
2025-12-09T14:53:44.180140Z,$GNGGA,145343.00,5703.82665,N,01001.91388,E,5,12,0.60,-2.4,M,42.3,M,1.0,0000*43,$GNRMC,145344.00,A,5703.82665,N,01001.91388,E,0.016,,091225,,,F,V*1F
2025-12-09T14:53:44.184799Z,$GNGGA,145344.00,5703.82665,N,01001.91388,E,5,12,0.60,-2.4,M,42.3,M,1.0,0000*44,$GNRMC,145344.00,A,5703.82665,N,01001.91388,E,0.016,,091225,,,F,V*1F
2025-12-09T14:53:45.146362Z,$GNGGA,145344.00,5703.82665,N,01001.91388,E,5,12,0.60,-2.4,M,42.3,M,1.0,0000*44,$GNRMC,145345.00,A,5703.82665,N,01001.91388,E,0.006,,091225,,,F,V*1F
2025-12-09T14:53:45.150967Z,$GNGGA,145345.00,5703.82665,N,01001.91388,E,5,12,0.60,-2.4,M,42.3,M,1.0,0000*45,$GNRMC,145345.00,A,5703.82665,N,01001.91388,E,0.006,,091225,,,F,V*1F
2025-12-09T14:53:46.186631Z,$GNGGA,145345.00,5703.82665,N,01001.91388,E,5,12,0.60,-2.4,M,42.3,M,1.0,0000*45,$GNRMC,145346.00,A,5703.82665,N,01001.91388,E,0.013,,091225,,,F,V*18
2025-12-09T14:53:46.191255Z,$GNGGA,145346.00,5703.82665,N,01001.91388,E,5,12,0.60,-2.4,M,42.3,M,1.0,0000*46,$GNRMC,145346.00,A,5703.82665,N,01001.91388,E,0.013,,091225,,,F,V*18
2025-12-09T14:53:47.147498Z,$GNGGA,145346.00,5703.82665,N,01001.91388,E,5,12,0.60,-2.4,M,42.3,M,1.0,0000*46,$GNRMC,145347.00,A,5703.82665,N,01001.91388,E,0.005,,091225,,,F,V*1E
2025-12-09T14:53:47.152100Z,$GNGGA,145347.00,5703.82665,N,01001.91388,E,5,12,0.60,-2.4,M,42.3,M,1.0,0000*47,$GNRMC,145347.00,A,5703.82665,N,01001.91388,E,0.005,,091225,,,F,V*1E
2025-12-09T14:53:48.196229Z,$GNGGA,145347.00,5703.82665,N,01001.91388,E,5,12,0.60,-2.4,M,42.3,M,1.0,0000*47,$GNRMC,145348.00,A,5703.82664,N,01001.91388,E,0.007,,091225,,,F,V*12
2025-12-09T14:53:48.200962Z,$GNGGA,145348.00,5703.82664,N,01001.91388,E,5,12,0.60,-2.4,M,42.3,M,1.0,0000*49,$GNRMC,145348.00,A,5703.82664,N,01001.91388,E,0.007,,091225,,,F,V*12
2025-12-09T14:53:49.163276Z,$GNGGA,145348.00,5703.82664,N,01001.91388,E,5,12,0.60,-2.4,M,42.3,M,1.0,0000*49,$GNRMC,145349.00,A,5703.82665,N,01001.91389,E,0.014,,091225,,,F,V*11
2025-12-09T14:53:49.167929Z,$GNGGA,145349.00,5703.82665,N,01001.91389,E,5,12,0.60,-2.4,M,42.3,M,1.0,0000*48,$GNRMC,145349.00,A,5703.82665,N,01001.91389,E,0.014,,091225,,,F,V*11
2025-12-09T14:53:50.199081Z,$GNGGA,145349.00,5703.82665,N,01001.91389,E,5,12,0.60,-2.4,M,42.3,M,1.0,0000*48,$GNRMC,145350.00,A,5703.82665,N,01001.91388,E,0.019,,091225,,,F,V*15
2025-12-09T14:53:50.203825Z,$GNGGA,145350.00,5703.82665,N,01001.91388,E,5,12,0.60,-2.4,M,42.3,M,1.0,0000*41,$GNRMC,145350.00,A,5703.82665,N,01001.91388,E,0.019,,091225,,,F,V*15
2025-12-09T14:53:51.148381Z,$GNGGA,145350.00,5703.82665,N,01001.91388,E,5,12,0.60,-2.4,M,42.3,M,1.0,0000*41,$GNRMC,145351.00,A,5703.82666,N,01001.91388,E,0.084,,091225,,,F,V*13
2025-12-09T14:53:51.152935Z,$GNGGA,145351.00,5703.82666,N,01001.91388,E,5,12,0.60,-2.3,M,42.3,M,1.0,0000*44,$GNRMC,145351.00,A,5703.82666,N,01001.91388,E,0.084,,091225,,,F,V*13
2025-12-09T14:53:52.181337Z,$GNGGA,145351.00,5703.82666,N,01001.91388,E,5,12,0.60,-2.3,M,42.3,M,1.0,0000*44,$GNRMC,145352.00,A,5703.82683,N,01001.91380,E,0.669,338.20,091225,,,F,V*02
2025-12-09T14:53:52.186212Z,$GNGGA,145352.00,5703.82683,N,01001.91380,E,5,12,0.60,-1.4,M,42.3,M,1.0,0000*40,$GNRMC,145352.00,A,5703.82683,N,01001.91380,E,0.669,338.20,091225,,,F,V*02
2025-12-09T14:53:53.153768Z,$GNGGA,145352.00,5703.82683,N,01001.91380,E,5,12,0.60,-1.4,M,42.3,M,1.0,0000*40,$GNRMC,145353.00,A,5703.82704,N,01001.91372,E,0.640,351.45,091225,,,F,V*07
2025-12-09T14:53:53.158621Z,$GNGGA,145353.00,5703.82704,N,01001.91372,E,5,12,0.60,0.9,M,42.3,M,1.0,0000*63,$GNRMC,145353.00,A,5703.82704,N,01001.91372,E,0.640,351.45,091225,,,F,V*07
2025-12-09T14:53:54.174505Z,$GNGGA,145353.00,5703.82704,N,01001.91372,E,5,12,0.60,0.9,M,42.3,M,1.0,0000*63,$GNRMC,145354.00,A,5703.82723,N,01001.91374,E,0.726,8.45,091225,,,F,V*0D
2025-12-09T14:53:54.179384Z,$GNGGA,145354.00,5703.82723,N,01001.91374,E,5,12,0.60,3.3,M,42.3,M,1.0,0000*6E,$GNRMC,145354.00,A,5703.82723,N,01001.91374,E,0.726,8.45,091225,,,F,V*0D
2025-12-09T14:53:55.149440Z,$GNGGA,145354.00,5703.82723,N,01001.91374,E,5,12,0.60,3.3,M,42.3,M,1.0,0000*6E,$GNRMC,145355.00,A,5703.82741,N,01001.91381,E,0.624,14.54,091225,,,F,V*3C
2025-12-09T14:53:55.154127Z,$GNGGA,145355.00,5703.82741,N,01001.91381,E,5,12,0.60,5.7,M,42.3,M,1.0,0000*63,$GNRMC,145355.00,A,5703.82741,N,01001.91381,E,0.624,14.54,091225,,,F,V*3C
2025-12-09T14:53:56.173386Z,$GNGGA,145355.00,5703.82741,N,01001.91381,E,5,12,0.60,5.7,M,42.3,M,1.0,0000*63,$GNRMC,145356.00,A,5703.82758,N,01001.91388,E,0.685,8.31,091225,,,F,V*0B
2025-12-09T14:53:56.178031Z,$GNGGA,145356.00,5703.82758,N,01001.91388,E,5,12,0.60,8.3,M,42.3,M,1.0,0000*68,$GNRMC,145356.00,A,5703.82758,N,01001.91388,E,0.685,8.31,091225,,,F,V*0B
2025-12-09T14:53:57.147642Z,$GNGGA,145356.00,5703.82758,N,01001.91388,E,5,12,0.60,8.3,M,42.3,M,1.0,0000*68,$GNRMC,145357.00,A,5703.82803,N,01001.91367,E,2.185,343.89,091225,,,F,V*00
2025-12-09T14:53:57.152462Z,$GNGGA,145357.00,5703.82803,N,01001.91367,E,5,12,0.60,10.7,M,42.3,M,1.0,0000*54,$GNRMC,145357.00,A,5703.82803,N,01001.91367,E,2.185,343.89,091225,,,F,V*00
2025-12-09T14:53:58.187048Z,$GNGGA,145357.00,5703.82803,N,01001.91367,E,5,12,0.60,10.7,M,42.3,M,1.0,0000*54,$GNRMC,145358.00,A,5703.82882,N,01001.91321,E,3.400,343.01,091225,,,F,V*0D
2025-12-09T14:53:58.191892Z,$GNGGA,145358.00,5703.82882,N,01001.91321,E,5,12,0.60,12.2,M,42.3,M,1.0,0000*57,$GNRMC,145358.00,A,5703.82882,N,01001.91321,E,3.400,343.01,091225,,,F,V*0D
2025-12-09T14:53:59.157577Z,$GNGGA,145358.00,5703.82882,N,01001.91321,E,5,12,0.60,12.2,M,42.3,M,1.0,0000*57,$GNRMC,145359.00,A,5703.82999,N,01001.91252,E,4.907,342.86,091225,,,F,V*01
2025-12-09T14:53:59.162378Z,$GNGGA,145359.00,5703.82999,N,01001.91252,E,5,12,0.60,12.5,M,42.3,M,1.0,0000*5F,$GNRMC,145359.00,A,5703.82999,N,01001.91252,E,4.907,342.86,091225,,,F,V*01
2025-12-09T14:54:00.166362Z,$GNGGA,145359.00,5703.82999,N,01001.91252,E,5,12,0.60,12.5,M,42.3,M,1.0,0000*5F,$GNRMC,145400.00,A,5703.83146,N,01001.91179,E,5.746,345.98,091225,,,F,V*09
2025-12-09T14:54:00.182030Z,$GNGGA,145400.00,5703.83146,N,01001.91179,E,5,12,0.60,12.5,M,42.3,M,1.0,0000*55,$GNRMC,145400.00,A,5703.83146,N,01001.91179,E,5.746,345.98,091225,,,F,V*09
2025-12-09T14:54:01.157535Z,$GNGGA,145400.00,5703.83146,N,01001.91179,E,5,12,0.60,12.5,M,42.3,M,1.0,0000*55,$GNRMC,145401.00,A,5703.83313,N,01001.91117,E,6.212,349.56,091225,,,F,V*0B
2025-12-09T14:54:01.162397Z,$GNGGA,145401.00,5703.83313,N,01001.91117,E,5,12,0.60,12.6,M,42.3,M,1.0,0000*5D,$GNRMC,145401.00,A,5703.83313,N,01001.91117,E,6.212,349.56,091225,,,F,V*0B
2025-12-09T14:54:02.194591Z,$GNGGA,145401.00,5703.83313,N,01001.91117,E,5,12,0.60,12.6,M,42.3,M,1.0,0000*5D,$GNRMC,145402.00,A,5703.83453,N,01001.91072,E,4.436,348.43,091225,,,F,V*0E
2025-12-09T14:54:02.199402Z,$GNGGA,145402.00,5703.83453,N,01001.91072,E,5,12,0.60,13.2,M,42.3,M,1.0,0000*5A,$GNRMC,145402.00,A,5703.83453,N,01001.91072,E,4.436,348.43,091225,,,F,V*0E
2025-12-09T14:54:03.169629Z,$GNGGA,145402.00,5703.83453,N,01001.91072,E,5,12,0.60,13.2,M,42.3,M,1.0,0000*5A,$GNRMC,145403.00,A,5703.83553,N,01001.91014,E,3.624,337.56,091225,,,F,V*04
2025-12-09T14:54:03.174508Z,$GNGGA,145403.00,5703.83553,N,01001.91014,E,5,12,0.60,14.1,M,42.3,M,1.0,0000*5E,$GNRMC,145403.00,A,5703.83553,N,01001.91014,E,3.624,337.56,091225,,,F,V*04
2025-12-09T14:54:04.186276Z,$GNGGA,145403.00,5703.83553,N,01001.91014,E,5,12,0.60,14.1,M,42.3,M,1.0,0000*5E,$GNRMC,145404.00,A,5703.83625,N,01001.90887,E,3.703,307.35,091225,,,F,V*00
2025-12-09T14:54:04.190992Z,$GNGGA,145404.00,5703.83625,N,01001.90887,E,5,12,0.60,15.1,M,42.3,M,1.0,0000*59,$GNRMC,145404.00,A,5703.83625,N,01001.90887,E,3.703,307.35,091225,,,F,V*00
2025-12-09T14:54:05.157547Z,$GNGGA,145404.00,5703.83625,N,01001.90887,E,5,12,0.60,15.1,M,42.3,M,1.0,0000*59,$GNRMC,145405.00,A,5703.83656,N,01001.90723,E,3.293,282.00,091225,,,F,V*02
2025-12-09T14:54:05.162500Z,$GNGGA,145405.00,5703.83656,N,01001.90723,E,5,12,0.60,16.1,M,42.3,M,1.0,0000*5E,$GNRMC,145405.00,A,5703.83656,N,01001.90723,E,3.293,282.00,091225,,,F,V*02
2025-12-09T14:54:06.186470Z,$GNGGA,145405.00,5703.83656,N,01001.90723,E,5,12,0.60,16.1,M,42.3,M,1.0,0000*5E,$GNRMC,145406.00,A,5703.83672,N,01001.90597,E,2.245,287.24,091225,,,F,V*03
2025-12-09T14:54:06.191372Z,$GNGGA,145406.00,5703.83672,N,01001.90597,E,5,12,0.60,16.2,M,42.3,M,1.0,0000*55,$GNRMC,145406.00,A,5703.83672,N,01001.90597,E,2.245,287.24,091225,,,F,V*03
2025-12-09T14:54:07.156483Z,$GNGGA,145406.00,5703.83672,N,01001.90597,E,5,12,0.60,16.2,M,42.3,M,1.0,0000*55,$GNRMC,145407.00,A,5703.83692,N,01001.90530,E,1.210,312.03,091225,,,F,V*0A
2025-12-09T14:54:07.161198Z,$GNGGA,145407.00,5703.83692,N,01001.90530,E,5,12,0.60,16.0,M,42.3,M,1.0,0000*55,$GNRMC,145407.00,A,5703.83692,N,01001.90530,E,1.210,312.03,091225,,,F,V*0A
2025-12-09T14:54:08.173471Z,$GNGGA,145407.00,5703.83692,N,01001.90530,E,5,12,0.60,16.0,M,42.3,M,1.0,0000*55,$GNRMC,145408.00,A,5703.83713,N,01001.90526,E,0.629,14.69,091225,,,F,V*3C
2025-12-09T14:54:08.178308Z,$GNGGA,145408.00,5703.83713,N,01001.90526,E,5,12,0.60,16.0,M,42.3,M,1.0,0000*55,$GNRMC,145408.00,A,5703.83713,N,01001.90526,E,0.629,14.69,091225,,,F,V*3C
2025-12-09T14:54:09.160471Z,$GNGGA,145408.00,5703.83713,N,01001.90526,E,5,12,0.60,16.0,M,42.3,M,1.0,0000*55,$GNRMC,145409.00,A,5703.83712,N,01001.90551,E,0.659,116.61,091225,,,F,V*00
2025-12-09T14:54:09.165268Z,$GNGGA,145409.00,5703.83712,N,01001.90551,E,5,12,0.60,16.0,M,42.3,M,1.0,0000*55,$GNRMC,145409.00,A,5703.83712,N,01001.90551,E,0.659,116.61,091225,,,F,V*00
2025-12-09T14:54:10.184468Z,$GNGGA,145409.00,5703.83712,N,01001.90551,E,5,12,0.60,16.0,M,42.3,M,1.0,0000*55,$GNRMC,145410.00,A,5703.83689,N,01001.90594,E,1.448,137.48,091225,,,F,V*09
2025-12-09T14:54:10.189696Z,$GNGGA,145410.00,5703.83689,N,01001.90594,E,5,12,0.60,16.0,M,42.3,M,1.0,0000*57,$GNRMC,145410.00,A,5703.83689,N,01001.90594,E,1.448,137.48,091225,,,F,V*09
2025-12-09T14:54:11.163611Z,$GNGGA,145410.00,5703.83689,N,01001.90594,E,5,12,0.60,16.0,M,42.3,M,1.0,0000*57,$GNRMC,145411.00,A,5703.83641,N,01001.90656,E,2.456,147.00,091225,,,F,V*06
2025-12-09T14:54:11.168368Z,$GNGGA,145411.00,5703.83641,N,01001.90656,E,5,12,0.60,16.0,M,42.3,M,1.0,0000*5F,$GNRMC,145411.00,A,5703.83641,N,01001.90656,E,2.456,147.00,091225,,,F,V*06
2025-12-09T14:54:12.183573Z,$GNGGA,145411.00,5703.83641,N,01001.90656,E,5,12,0.60,16.0,M,42.3,M,1.0,0000*5F,$GNRMC,145412.00,A,5703.83567,N,01001.90731,E,3.282,153.42,091225,,,F,V*0F
2025-12-09T14:54:12.188469Z,$GNGGA,145412.00,5703.83567,N,01001.90731,E,5,12,0.60,15.9,M,42.3,M,1.0,0000*51,$GNRMC,145412.00,A,5703.83567,N,01001.90731,E,3.282,153.42,091225,,,F,V*0F
2025-12-09T14:54:13.150463Z,$GNGGA,145412.00,5703.83567,N,01001.90731,E,5,12,0.60,15.9,M,42.3,M,1.0,0000*51,$GNRMC,145413.00,A,5703.83478,N,01001.90799,E,3.564,159.46,091225,,,D,V*00
2025-12-09T14:54:13.155241Z,$GNGGA,145413.00,5703.83478,N,01001.90799,E,2,12,0.60,15.8,M,42.3,M,1.0,0000*5B,$GNRMC,145413.00,A,5703.83478,N,01001.90799,E,3.564,159.46,091225,,,D,V*00
2025-12-09T14:54:14.183378Z,$GNGGA,145413.00,5703.83478,N,01001.90799,E,2,12,0.60,15.8,M,42.3,M,1.0,0000*5B,$GNRMC,145414.00,A,5703.83381,N,01001.90862,E,3.989,164.65,091225,,,R,V*1B
2025-12-09T14:54:14.188133Z,$GNGGA,145414.00,5703.83381,N,01001.90862,E,4,12,0.60,15.6,M,42.3,M,1.0,0000*5E,$GNRMC,145414.00,A,5703.83381,N,01001.90862,E,3.989,164.65,091225,,,R,V*1B
2025-12-09T14:54:15.171482Z,$GNGGA,145414.00,5703.83381,N,01001.90862,E,4,12,0.60,15.6,M,42.3,M,1.0,0000*5E,$GNRMC,145415.00,A,5703.83267,N,01001.90910,E,4.330,167.53,091225,,,R,V*1E
2025-12-09T14:54:15.176201Z,$GNGGA,145415.00,5703.83267,N,01001.90910,E,4,12,0.60,15.6,M,42.3,M,1.0,0000*52,$GNRMC,145415.00,A,5703.83267,N,01001.90910,E,4.330,167.53,091225,,,R,V*1E
2025-12-09T14:54:16.174392Z,$GNGGA,145415.00,5703.83267,N,01001.90910,E,4,12,0.60,15.6,M,42.3,M,1.0,0000*52,$GNRMC,145416.00,A,5703.83146,N,01001.90954,E,4.448,169.37,091225,,,R,V*19
2025-12-09T14:54:16.179143Z,$GNGGA,145416.00,5703.83146,N,01001.90954,E,4,12,0.60,15.5,M,42.3,M,1.0,0000*52,$GNRMC,145416.00,A,5703.83146,N,01001.90954,E,4.448,169.37,091225,,,R,V*19
2025-12-09T14:54:17.167528Z,$GNGGA,145416.00,5703.83146,N,01001.90954,E,4,12,0.60,15.5,M,42.3,M,1.0,0000*52,$GNRMC,145417.00,A,5703.83021,N,01001.90995,E,4.578,169.82,091225,,,R,V*19
2025-12-09T14:54:17.172309Z,$GNGGA,145417.00,5703.83021,N,01001.90995,E,4,12,0.60,15.5,M,42.3,M,1.0,0000*5E,$GNRMC,145417.00,A,5703.83021,N,01001.90995,E,4.578,169.82,091225,,,R,V*19
2025-12-09T14:54:18.186437Z,$GNGGA,145417.00,5703.83021,N,01001.90995,E,4,12,0.60,15.5,M,42.3,M,1.0,0000*5E,$GNRMC,145418.00,A,5703.82890,N,01001.91041,E,4.947,168.75,091225,,,R,V*1D
2025-12-09T14:54:18.191314Z,$GNGGA,145418.00,5703.82890,N,01001.91041,E,4,12,0.60,15.5,M,42.3,M,1.0,0000*53,$GNRMC,145418.00,A,5703.82890,N,01001.91041,E,4.947,168.75,091225,,,R,V*1D
2025-12-09T14:54:19.161386Z,$GNGGA,145418.00,5703.82890,N,01001.91041,E,4,12,0.60,15.5,M,42.3,M,1.0,0000*53,$GNRMC,145419.00,A,5703.82736,N,01001.91113,E,5.960,165.58,091225,,,R,V*1F
2025-12-09T14:54:19.166153Z,$GNGGA,145419.00,5703.82736,N,01001.91113,E,4,12,0.60,15.5,M,42.3,M,1.0,0000*57,$GNRMC,145419.00,A,5703.82736,N,01001.91113,E,5.960,165.58,091225,,,R,V*1F
2025-12-09T14:54:20.185491Z,$GNGGA,145419.00,5703.82736,N,01001.91113,E,4,12,0.60,15.5,M,42.3,M,1.0,0000*57,$GNRMC,145420.00,A,5703.82567,N,01001.91192,E,6.643,165.33,091225,,,R,V*1A
2025-12-09T14:54:20.190312Z,$GNGGA,145420.00,5703.82567,N,01001.91192,E,4,12,0.60,15.6,M,42.3,M,1.0,0000*51,$GNRMC,145420.00,A,5703.82567,N,01001.91192,E,6.643,165.33,091225,,,R,V*1A
2025-12-09T14:54:21.150499Z,$GNGGA,145420.00,5703.82567,N,01001.91192,E,4,12,0.60,15.6,M,42.3,M,1.0,0000*51,$GNRMC,145421.00,A,5703.82387,N,01001.91266,E,6.775,167.80,091225,,,R,V*15
2025-12-09T14:54:21.157903Z,$GNGGA,145421.00,5703.82387,N,01001.91266,E,4,12,0.60,15.6,M,42.3,M,1.0,0000*50,$GNRMC,145421.00,A,5703.82387,N,01001.91266,E,6.775,167.80,091225,,,R,V*15
2025-12-09T14:54:22.186519Z,$GNGGA,145421.00,5703.82387,N,01001.91266,E,4,12,0.60,15.6,M,42.3,M,1.0,0000*50,$GNRMC,145422.00,A,5703.82188,N,01001.91345,E,7.464,167.89,091225,,,R,V*10
2025-12-09T14:54:22.191580Z,$GNGGA,145422.00,5703.82188,N,01001.91345,E,4,12,0.60,15.8,M,42.3,M,1.0,0000*50,$GNRMC,145422.00,A,5703.82188,N,01001.91345,E,7.464,167.89,091225,,,R,V*10
2025-12-09T14:54:23.172060Z,$GNGGA,145422.00,5703.82188,N,01001.91345,E,4,12,0.60,15.8,M,42.3,M,1.0,0000*50,$GNRMC,145423.00,A,5703.81978,N,01001.91425,E,7.742,168.97,091225,,,R,V*13
2025-12-09T14:54:23.177024Z,$GNGGA,145423.00,5703.81978,N,01001.91425,E,4,12,0.60,15.8,M,42.3,M,1.0,0000*54,$GNRMC,145423.00,A,5703.81978,N,01001.91425,E,7.742,168.97,091225,,,R,V*13
2025-12-09T14:54:24.176536Z,$GNGGA,145423.00,5703.81978,N,01001.91425,E,4,12,0.60,15.8,M,42.3,M,1.0,0000*54,$GNRMC,145424.00,A,5703.81776,N,01001.91491,E,7.435,169.64,091225,,,R,V*15
2025-12-09T14:54:24.181430Z,$GNGGA,145424.00,5703.81776,N,01001.91491,E,4,12,0.60,15.7,M,42.3,M,1.0,0000*53,$GNRMC,145424.00,A,5703.81776,N,01001.91491,E,7.435,169.64,091225,,,R,V*15
2025-12-09T14:54:25.165474Z,$GNGGA,145424.00,5703.81776,N,01001.91491,E,4,12,0.60,15.7,M,42.3,M,1.0,0000*53,$GNRMC,145425.00,A,5703.81560,N,01001.91571,E,8.137,168.11,091225,,,R,V*15
2025-12-09T14:54:25.170337Z,$GNGGA,145425.00,5703.81560,N,01001.91571,E,4,12,0.60,15.7,M,42.3,M,1.0,0000*58,$GNRMC,145425.00,A,5703.81560,N,01001.91571,E,8.137,168.11,091225,,,R,V*15
2025-12-09T14:54:26.187412Z,$GNGGA,145425.00,5703.81560,N,01001.91571,E,4,12,0.60,15.7,M,42.3,M,1.0,0000*58,$GNRMC,145426.00,A,5703.81333,N,01001.91665,E,8.469,166.91,091225,,,R,V*18
2025-12-09T14:54:26.192225Z,$GNGGA,145426.00,5703.81333,N,01001.91665,E,4,12,0.60,15.6,M,42.3,M,1.0,0000*5C,$GNRMC,145426.00,A,5703.81333,N,01001.91665,E,8.469,166.91,091225,,,R,V*18
2025-12-09T14:54:27.162425Z,$GNGGA,145426.00,5703.81333,N,01001.91665,E,4,12,0.60,15.6,M,42.3,M,1.0,0000*5C,$GNRMC,145427.00,A,5703.81085,N,01001.91781,E,9.655,165.36,091225,,,R,V*1E
2025-12-09T14:54:27.167198Z,$GNGGA,145427.00,5703.81085,N,01001.91781,E,4,12,0.60,15.6,M,42.3,M,1.0,0000*58,$GNRMC,145427.00,A,5703.81085,N,01001.91781,E,9.655,165.36,091225,,,R,V*1E
2025-12-09T14:54:28.189161Z,$GNGGA,145427.00,5703.81085,N,01001.91781,E,4,12,0.60,15.6,M,42.3,M,1.0,0000*58,$GNRMC,145428.00,A,5703.80799,N,01001.91936,E,11.317,162.88,091225,,,D,V*36
2025-12-09T14:54:28.194081Z,$GNGGA,145428.00,5703.80799,N,01001.91936,E,2,12,0.60,15.5,M,42.3,M,1.0,0000*5B,$GNRMC,145428.00,A,5703.80799,N,01001.91936,E,11.317,162.88,091225,,,D,V*36
2025-12-09T14:54:29.158526Z,$GNGGA,145428.00,5703.80799,N,01001.91936,E,2,12,0.60,15.5,M,42.3,M,1.0,0000*5B,$GNRMC,145429.00,A,5703.80477,N,01001.92113,E,12.425,163.75,091225,,,F,V*3C
2025-12-09T14:54:29.163316Z,$GNGGA,145429.00,5703.80477,N,01001.92113,E,5,12,0.60,15.6,M,42.3,M,1.0,0000*51,$GNRMC,145429.00,A,5703.80477,N,01001.92113,E,12.425,163.75,091225,,,F,V*3C
2025-12-09T14:54:30.202778Z,$GNGGA,145429.00,5703.80477,N,01001.92113,E,5,12,0.60,15.6,M,42.3,M,1.0,0000*51,$GNRMC,145430.00,A,5703.80133,N,01001.92279,E,12.938,166.06,091225,,,F,V*3E
2025-12-09T14:54:30.207959Z,$GNGGA,145430.00,5703.80133,N,01001.92279,E,5,12,0.60,15.7,M,42.3,M,1.0,0000*52,$GNRMC,145430.00,A,5703.80133,N,01001.92279,E,12.938,166.06,091225,,,F,V*3E
2025-12-09T14:54:31.163518Z,$GNGGA,145430.00,5703.80133,N,01001.92279,E,5,12,0.60,15.7,M,42.3,M,1.0,0000*52,$GNRMC,145431.00,A,5703.79793,N,01001.92409,E,12.231,168.88,091225,,,F,V*3E
2025-12-09T14:54:31.168376Z,$GNGGA,145431.00,5703.79793,N,01001.92409,E,5,12,0.60,15.8,M,42.3,M,1.0,0000*57,$GNRMC,145431.00,A,5703.79793,N,01001.92409,E,12.231,168.88,091225,,,F,V*3E
2025-12-09T14:54:32.176518Z,$GNGGA,145431.00,5703.79793,N,01001.92409,E,5,12,0.60,15.8,M,42.3,M,1.0,0000*57,$GNRMC,145432.00,A,5703.79487,N,01001.92555,E,11.001,165.17,091225,,,R,V*2E
2025-12-09T14:54:32.181367Z,$GNGGA,145432.00,5703.79487,N,01001.92555,E,4,12,0.60,16.0,M,42.3,M,1.0,0000*50,$GNRMC,145432.00,A,5703.79487,N,01001.92555,E,11.001,165.17,091225,,,R,V*2E
2025-12-09T14:54:33.173781Z,$GNGGA,145432.00,5703.79487,N,01001.92555,E,4,12,0.60,16.0,M,42.3,M,1.0,0000*50,$GNRMC,145433.00,A,5703.79252,N,01001.92603,E,7.252,180.26,091225,,,R,V*1B
2025-12-09T14:54:33.178702Z,$GNGGA,145433.00,5703.79252,N,01001.92603,E,4,12,0.60,16.1,M,42.3,M,1.0,0000*5E,$GNRMC,145433.00,A,5703.79252,N,01001.92603,E,7.252,180.26,091225,,,R,V*1B
2025-12-09T14:54:34.196436Z,$GNGGA,145433.00,5703.79252,N,01001.92603,E,4,12,0.60,16.1,M,42.3,M,1.0,0000*5E,$GNRMC,145434.00,A,5703.79168,N,01001.92484,E,3.181,243.95,091225,,,R,V*16
2025-12-09T14:54:34.201236Z,$GNGGA,145434.00,5703.79168,N,01001.92484,E,4,12,0.60,15.5,M,42.3,M,1.0,0000*59,$GNRMC,145434.00,A,5703.79168,N,01001.92484,E,3.181,243.95,091225,,,R,V*16
2025-12-09T14:54:35.166485Z,$GNGGA,145434.00,5703.79168,N,01001.92484,E,4,12,0.60,15.5,M,42.3,M,1.0,0000*59,$GNRMC,145435.00,A,5703.79184,N,01001.92349,E,2.662,298.99,091225,,,R,V*12
2025-12-09T14:54:35.171205Z,$GNGGA,145435.00,5703.79184,N,01001.92349,E,4,12,0.60,14.7,M,42.3,M,1.0,0000*5F,$GNRMC,145435.00,A,5703.79184,N,01001.92349,E,2.662,298.99,091225,,,R,V*12
2025-12-09T14:54:36.208452Z,$GNGGA,145435.00,5703.79184,N,01001.92349,E,4,12,0.60,14.7,M,42.3,M,1.0,0000*5F,$GNRMC,145436.00,A,5703.79255,N,01001.92353,E,2.659,15.22,091225,,,R,V*2A
2025-12-09T14:54:36.213265Z,$GNGGA,145436.00,5703.79255,N,01001.92353,E,4,12,0.60,14.8,M,42.3,M,1.0,0000*57,$GNRMC,145436.00,A,5703.79255,N,01001.92353,E,2.659,15.22,091225,,,R,V*2A
2025-12-09T14:54:37.173427Z,$GNGGA,145436.00,5703.79255,N,01001.92353,E,4,12,0.60,14.8,M,42.3,M,1.0,0000*57,$GNRMC,145437.00,A,5703.79313,N,01001.92400,E,2.025,32.02,091225,,,R,V*23
2025-12-09T14:54:37.178080Z,$GNGGA,145437.00,5703.79313,N,01001.92400,E,4,12,0.60,15.2,M,42.3,M,1.0,0000*5F,$GNRMC,145437.00,A,5703.79313,N,01001.92400,E,2.025,32.02,091225,,,R,V*23
2025-12-09T14:54:38.203434Z,$GNGGA,145437.00,5703.79313,N,01001.92400,E,4,12,0.60,15.2,M,42.3,M,1.0,0000*5F,$GNRMC,145438.00,A,5703.79366,N,01001.92437,E,2.276,10.47,091225,,,R,V*2F
2025-12-09T14:54:38.208115Z,$GNGGA,145438.00,5703.79366,N,01001.92437,E,4,12,0.60,15.6,M,42.3,M,1.0,0000*52,$GNRMC,145438.00,A,5703.79366,N,01001.92437,E,2.276,10.47,091225,,,R,V*2F
2025-12-09T14:54:39.175402Z,$GNGGA,145438.00,5703.79366,N,01001.92437,E,4,12,0.60,15.6,M,42.3,M,1.0,0000*52,$GNRMC,145439.00,A,5703.79454,N,01001.92417,E,3.702,348.57,091225,,,R,V*12
2025-12-09T14:54:39.180093Z,$GNGGA,145439.00,5703.79454,N,01001.92417,E,4,12,0.60,15.9,M,42.3,M,1.0,0000*58,$GNRMC,145439.00,A,5703.79454,N,01001.92417,E,3.702,348.57,091225,,,R,V*12
2025-12-09T14:54:40.193418Z,$GNGGA,145439.00,5703.79454,N,01001.92417,E,4,12,0.60,15.9,M,42.3,M,1.0,0000*58,$GNRMC,145440.00,A,5703.79587,N,01001.92343,E,5.582,342.13,091225,,,R,V*13
2025-12-09T14:54:40.198140Z,$GNGGA,145440.00,5703.79587,N,01001.92343,E,4,12,0.60,16.1,M,42.3,M,1.0,0000*54,$GNRMC,145440.00,A,5703.79587,N,01001.92343,E,5.582,342.13,091225,,,R,V*13
2025-12-09T14:54:41.166472Z,$GNGGA,145440.00,5703.79587,N,01001.92343,E,4,12,0.60,16.1,M,42.3,M,1.0,0000*54,$GNRMC,145441.00,A,5703.79756,N,01001.92243,E,6.554,342.66,091225,,,R,V*17
2025-12-09T14:54:41.171234Z,$GNGGA,145441.00,5703.79756,N,01001.92243,E,4,12,0.60,16.2,M,42.3,M,1.0,0000*59,$GNRMC,145441.00,A,5703.79756,N,01001.92243,E,6.554,342.66,091225,,,R,V*17
2025-12-09T14:54:42.195626Z,$GNGGA,145441.00,5703.79756,N,01001.92243,E,4,12,0.60,16.2,M,42.3,M,1.0,0000*59,$GNRMC,145442.00,A,5703.79940,N,01001.92148,E,7.083,345.07,091225,,,R,V*1B
2025-12-09T14:54:42.200497Z,$GNGGA,145442.00,5703.79940,N,01001.92148,E,4,12,0.60,16.3,M,42.3,M,1.0,0000*5A,$GNRMC,145442.00,A,5703.79940,N,01001.92148,E,7.083,345.07,091225,,,R,V*1B
2025-12-09T14:54:43.165468Z,$GNGGA,145442.00,5703.79940,N,01001.92148,E,4,12,0.60,16.3,M,42.3,M,1.0,0000*5A,$GNRMC,145443.00,A,5703.80133,N,01001.92069,E,7.148,348.18,091225,,,R,V*17
2025-12-09T14:54:43.170222Z,$GNGGA,145443.00,5703.80133,N,01001.92069,E,4,12,0.60,16.3,M,42.3,M,1.0,0000*53,$GNRMC,145443.00,A,5703.80133,N,01001.92069,E,7.148,348.18,091225,,,R,V*17
2025-12-09T14:54:44.208392Z,$GNGGA,145443.00,5703.80133,N,01001.92069,E,4,12,0.60,16.3,M,42.3,M,1.0,0000*53,$GNRMC,145444.00,A,5703.80325,N,01001.91985,E,7.021,344.76,091225,,,R,V*17
2025-12-09T14:54:44.213135Z,$GNGGA,145444.00,5703.80325,N,01001.91985,E,4,12,0.60,16.3,M,42.3,M,1.0,0000*59,$GNRMC,145444.00,A,5703.80325,N,01001.91985,E,7.021,344.76,091225,,,R,V*17
2025-12-09T14:54:45.173503Z,$GNGGA,145444.00,5703.80325,N,01001.91985,E,4,12,0.60,16.3,M,42.3,M,1.0,0000*59,$GNRMC,145445.00,A,5703.80532,N,01001.91867,E,8.284,342.13,091225,,,R,V*1C
2025-12-09T14:54:45.178258Z,$GNGGA,145445.00,5703.80532,N,01001.91867,E,4,12,0.60,16.2,M,42.3,M,1.0,0000*54,$GNRMC,145445.00,A,5703.80532,N,01001.91867,E,8.284,342.13,091225,,,R,V*1C
2025-12-09T14:54:46.209572Z,$GNGGA,145445.00,5703.80532,N,01001.91867,E,4,12,0.60,16.2,M,42.3,M,1.0,0000*54,$GNRMC,145446.00,A,5703.80780,N,01001.91722,E,9.777,342.40,091225,,,R,V*14
2025-12-09T14:54:46.214334Z,$GNGGA,145446.00,5703.80780,N,01001.91722,E,4,12,0.60,16.0,M,42.3,M,1.0,0000*50,$GNRMC,145446.00,A,5703.80780,N,01001.91722,E,9.777,342.40,091225,,,R,V*14
2025-12-09T14:54:47.176527Z,$GNGGA,145446.00,5703.80780,N,01001.91722,E,4,12,0.60,16.0,M,42.3,M,1.0,0000*50,$GNRMC,145447.00,A,5703.81029,N,01001.91604,E,8.757,347.62,091225,,,R,V*13
2025-12-09T14:54:47.181255Z,$GNGGA,145447.00,5703.81029,N,01001.91604,E,4,12,0.60,15.8,M,42.3,M,1.0,0000*5A,$GNRMC,145447.00,A,5703.81029,N,01001.91604,E,8.757,347.62,091225,,,R,V*13
2025-12-09T14:54:48.199573Z,$GNGGA,145447.00,5703.81029,N,01001.91604,E,4,12,0.60,15.8,M,42.3,M,1.0,0000*5A,$GNRMC,145448.00,A,5703.81244,N,01001.91533,E,7.460,350.19,091225,,,R,V*10
2025-12-09T14:54:48.204426Z,$GNGGA,145448.00,5703.81244,N,01001.91533,E,4,12,0.60,15.7,M,42.3,M,1.0,0000*54,$GNRMC,145448.00,A,5703.81244,N,01001.91533,E,7.460,350.19,091225,,,R,V*10
2025-12-09T14:54:49.169335Z,$GNGGA,145448.00,5703.81244,N,01001.91533,E,4,12,0.60,15.7,M,42.3,M,1.0,0000*54,$GNRMC,145449.00,A,5703.81418,N,01001.91469,E,6.081,347.13,091225,,,R,V*16
2025-12-09T14:54:49.174107Z,$GNGGA,145449.00,5703.81418,N,01001.91469,E,4,12,0.60,15.9,M,42.3,M,1.0,0000*5A,$GNRMC,145449.00,A,5703.81418,N,01001.91469,E,6.081,347.13,091225,,,R,V*16
2025-12-09T14:54:50.204571Z,$GNGGA,145449.00,5703.81418,N,01001.91469,E,4,12,0.60,15.9,M,42.3,M,1.0,0000*5A,$GNRMC,145450.00,A,5703.81586,N,01001.91392,E,6.444,345.22,091225,,,R,V*16
2025-12-09T14:54:50.209440Z,$GNGGA,145450.00,5703.81586,N,01001.91392,E,4,12,0.60,16.1,M,42.3,M,1.0,0000*5C,$GNRMC,145450.00,A,5703.81586,N,01001.91392,E,6.444,345.22,091225,,,R,V*16
2025-12-09T14:54:51.179452Z,$GNGGA,145450.00,5703.81586,N,01001.91392,E,4,12,0.60,16.1,M,42.3,M,1.0,0000*5C,$GNRMC,145451.00,A,5703.81771,N,01001.91295,E,7.078,343.73,091225,,,R,V*13
2025-12-09T14:54:51.184220Z,$GNGGA,145451.00,5703.81771,N,01001.91295,E,4,12,0.60,16.1,M,42.3,M,1.0,0000*51,$GNRMC,145451.00,A,5703.81771,N,01001.91295,E,7.078,343.73,091225,,,R,V*13
2025-12-09T14:54:52.200377Z,$GNGGA,145451.00,5703.81771,N,01001.91295,E,4,12,0.60,16.1,M,42.3,M,1.0,0000*51,$GNRMC,145452.00,A,5703.81968,N,01001.91194,E,7.478,344.73,091225,,,R,V*17
2025-12-09T14:54:52.205144Z,$GNGGA,145452.00,5703.81968,N,01001.91194,E,4,12,0.60,16.1,M,42.3,M,1.0,0000*56,$GNRMC,145452.00,A,5703.81968,N,01001.91194,E,7.478,344.73,091225,,,R,V*17
2025-12-09T14:54:53.164509Z,$GNGGA,145452.00,5703.81968,N,01001.91194,E,4,12,0.60,16.1,M,42.3,M,1.0,0000*56,$GNRMC,145453.00,A,5703.82173,N,01001.91096,E,7.743,345.80,091225,,,R,V*12
2025-12-09T14:54:53.169280Z,$GNGGA,145453.00,5703.82173,N,01001.91096,E,4,12,0.60,16.1,M,42.3,M,1.0,0000*55,$GNRMC,145453.00,A,5703.82173,N,01001.91096,E,7.743,345.80,091225,,,R,V*12
2025-12-09T14:54:54.196447Z,$GNGGA,145453.00,5703.82173,N,01001.91096,E,4,12,0.60,16.1,M,42.3,M,1.0,0000*55,$GNRMC,145454.00,A,5703.82373,N,01001.91017,E,7.139,349.08,091225,,,R,V*19
2025-12-09T14:54:54.201324Z,$GNGGA,145454.00,5703.82373,N,01001.91017,E,4,12,0.60,16.0,M,42.3,M,1.0,0000*58,$GNRMC,145454.00,A,5703.82373,N,01001.91017,E,7.139,349.08,091225,,,R,V*19
2025-12-09T14:54:55.164415Z,$GNGGA,145454.00,5703.82373,N,01001.91017,E,4,12,0.60,16.0,M,42.3,M,1.0,0000*58,$GNRMC,145455.00,A,5703.82548,N,01001.90976,E,6.158,353.71,091225,,,R,V*1A
2025-12-09T14:54:55.169144Z,$GNGGA,145455.00,5703.82548,N,01001.90976,E,4,12,0.60,16.0,M,42.3,M,1.0,0000*58,$GNRMC,145455.00,A,5703.82548,N,01001.90976,E,6.158,353.71,091225,,,R,V*1A
2025-12-09T14:54:56.179566Z,$GNGGA,145455.00,5703.82548,N,01001.90976,E,4,12,0.60,16.0,M,42.3,M,1.0,0000*58,$GNRMC,145456.00,A,5703.82711,N,01001.90944,E,5.843,353.47,091225,,,R,V*13
2025-12-09T14:54:56.184323Z,$GNGGA,145456.00,5703.82711,N,01001.90944,E,4,12,0.60,16.0,M,42.3,M,1.0,0000*54,$GNRMC,145456.00,A,5703.82711,N,01001.90944,E,5.843,353.47,091225,,,R,V*13
2025-12-09T14:54:57.152519Z,$GNGGA,145456.00,5703.82711,N,01001.90944,E,4,12,0.60,16.0,M,42.3,M,1.0,0000*54,$GNRMC,145457.00,A,5703.82865,N,01001.90909,E,5.546,352.27,091225,,,R,V*18
2025-12-09T14:54:57.157243Z,$GNGGA,145457.00,5703.82865,N,01001.90909,E,4,12,0.60,16.0,M,42.3,M,1.0,0000*50,$GNRMC,145457.00,A,5703.82865,N,01001.90909,E,5.546,352.27,091225,,,R,V*18
2025-12-09T14:54:58.191471Z,$GNGGA,145457.00,5703.82865,N,01001.90909,E,4,12,0.60,16.0,M,42.3,M,1.0,0000*50,$GNRMC,145458.00,A,5703.83019,N,01001.90858,E,5.624,349.25,091225,,,R,V*1F
2025-12-09T14:54:58.196209Z,$GNGGA,145458.00,5703.83019,N,01001.90858,E,4,12,0.60,15.9,M,42.3,M,1.0,0000*52,$GNRMC,145458.00,A,5703.83019,N,01001.90858,E,5.624,349.25,091225,,,R,V*1F
2025-12-09T14:54:59.161790Z,$GNGGA,145458.00,5703.83019,N,01001.90858,E,4,12,0.60,15.9,M,42.3,M,1.0,0000*52,$GNRMC,145459.00,A,5703.83174,N,01001.90799,E,5.746,347.95,091225,,,R,V*16
2025-12-09T14:54:59.166697Z,$GNGGA,145459.00,5703.83174,N,01001.90799,E,4,12,0.60,15.9,M,42.3,M,1.0,0000*5B,$GNRMC,145459.00,A,5703.83174,N,01001.90799,E,5.746,347.95,091225,,,R,V*16
2025-12-09T14:55:00.176504Z,$GNGGA,145459.00,5703.83174,N,01001.90799,E,4,12,0.60,15.9,M,42.3,M,1.0,0000*5B,$GNRMC,145500.00,A,5703.83340,N,01001.90726,E,6.383,346.07,091225,,,R,V*1E
2025-12-09T14:55:00.181150Z,$GNGGA,145500.00,5703.83340,N,01001.90726,E,4,12,0.60,15.9,M,42.3,M,1.0,0000*57,$GNRMC,145500.00,A,5703.83340,N,01001.90726,E,6.383,346.07,091225,,,R,V*1E
2025-12-09T14:55:01.164366Z,$GNGGA,145500.00,5703.83340,N,01001.90726,E,4,12,0.60,15.9,M,42.3,M,1.0,0000*57,$GNRMC,145501.00,A,5703.83502,N,01001.90663,E,5.531,349.80,091225,,,R,V*13
2025-12-09T14:55:01.169297Z,$GNGGA,145501.00,5703.83502,N,01001.90663,E,4,12,0.60,15.7,M,42.3,M,1.0,0000*58,$GNRMC,145501.00,A,5703.83502,N,01001.90663,E,5.531,349.80,091225,,,R,V*13
2025-12-09T14:55:02.197603Z,$GNGGA,145501.00,5703.83502,N,01001.90663,E,4,12,0.60,15.7,M,42.3,M,1.0,0000*58,$GNRMC,145502.00,A,5703.83620,N,01001.90656,E,3.701,3.47,091225,,,R,V*14
2025-12-09T14:55:02.202278Z,$GNGGA,145502.00,5703.83620,N,01001.90656,E,4,12,0.60,15.7,M,42.3,M,1.0,0000*5E,$GNRMC,145502.00,A,5703.83620,N,01001.90656,E,3.701,3.47,091225,,,R,V*14
2025-12-09T14:55:03.163487Z,$GNGGA,145502.00,5703.83620,N,01001.90656,E,4,12,0.60,15.7,M,42.3,M,1.0,0000*5E,$GNRMC,145503.00,A,5703.83661,N,01001.90720,E,1.597,66.24,091225,,,R,V*29
2025-12-09T14:55:03.168130Z,$GNGGA,145503.00,5703.83661,N,01001.90720,E,4,12,0.60,15.8,M,42.3,M,1.0,0000*55,$GNRMC,145503.00,A,5703.83661,N,01001.90720,E,1.597,66.24,091225,,,R,V*29
2025-12-09T14:55:04.188359Z,$GNGGA,145503.00,5703.83661,N,01001.90720,E,4,12,0.60,15.8,M,42.3,M,1.0,0000*55,$GNRMC,145504.00,A,5703.83655,N,01001.90776,E,1.083,120.24,091225,,,R,V*19
2025-12-09T14:55:04.193159Z,$GNGGA,145504.00,5703.83655,N,01001.90776,E,4,12,0.60,15.9,M,42.3,M,1.0,0000*57,$GNRMC,145504.00,A,5703.83655,N,01001.90776,E,1.083,120.24,091225,,,R,V*19
2025-12-09T14:55:05.162492Z,$GNGGA,145504.00,5703.83655,N,01001.90776,E,4,12,0.60,15.9,M,42.3,M,1.0,0000*57,$GNRMC,145505.00,A,5703.83613,N,01001.90834,E,2.284,147.09,091225,,,R,V*1B
2025-12-09T14:55:05.167189Z,$GNGGA,145505.00,5703.83613,N,01001.90834,E,4,12,0.60,15.8,M,42.3,M,1.0,0000*5C,$GNRMC,145505.00,A,5703.83613,N,01001.90834,E,2.284,147.09,091225,,,R,V*1B
2025-12-09T14:55:06.205605Z,$GNGGA,145505.00,5703.83613,N,01001.90834,E,4,12,0.60,15.8,M,42.3,M,1.0,0000*5C,$GNRMC,145506.00,A,5703.83538,N,01001.90899,E,3.286,157.04,091225,,,R,V*1A
2025-12-09T14:55:06.210480Z,$GNGGA,145506.00,5703.83538,N,01001.90899,E,4,12,0.60,15.7,M,42.3,M,1.0,0000*5D,$GNRMC,145506.00,A,5703.83538,N,01001.90899,E,3.286,157.04,091225,,,R,V*1A
2025-12-09T14:55:07.160531Z,$GNGGA,145506.00,5703.83538,N,01001.90899,E,4,12,0.60,15.7,M,42.3,M,1.0,0000*5D,$GNRMC,145507.00,A,5703.83429,N,01001.90967,E,4.474,162.46,091225,,,R,V*16
2025-12-09T14:55:07.165246Z,$GNGGA,145507.00,5703.83429,N,01001.90967,E,4,12,0.60,15.6,M,42.3,M,1.0,0000*5C,$GNRMC,145507.00,A,5703.83429,N,01001.90967,E,4.474,162.46,091225,,,R,V*16
2025-12-09T14:55:08.192441Z,$GNGGA,145507.00,5703.83429,N,01001.90967,E,4,12,0.60,15.6,M,42.3,M,1.0,0000*5C,$GNRMC,145508.00,A,5703.83286,N,01001.91041,E,5.696,164.71,091225,,,D,V*0D
2025-12-09T14:55:08.197250Z,$GNGGA,145508.00,5703.83286,N,01001.91041,E,2,12,0.60,15.5,M,42.3,M,1.0,0000*59,$GNRMC,145508.00,A,5703.83286,N,01001.91041,E,5.696,164.71,091225,,,D,V*0D
2025-12-09T14:55:09.172456Z,$GNGGA,145508.00,5703.83286,N,01001.91041,E,2,12,0.60,15.5,M,42.3,M,1.0,0000*59,$GNRMC,145509.00,A,5703.83120,N,01001.91115,E,6.341,166.46,091225,,,R,V*1F
2025-12-09T14:55:09.177248Z,$GNGGA,145509.00,5703.83120,N,01001.91115,E,4,12,0.60,15.5,M,42.3,M,1.0,0000*51,$GNRMC,145509.00,A,5703.83120,N,01001.91115,E,6.341,166.46,091225,,,R,V*1F
2025-12-09T14:55:10.194573Z,$GNGGA,145509.00,5703.83120,N,01001.91115,E,4,12,0.60,15.5,M,42.3,M,1.0,0000*51,$GNRMC,145510.00,A,5703.82938,N,01001.91190,E,6.879,167.65,091225,,,R,V*1A
2025-12-09T14:55:10.199340Z,$GNGGA,145510.00,5703.82938,N,01001.91190,E,4,12,0.60,15.4,M,42.3,M,1.0,0000*55,$GNRMC,145510.00,A,5703.82938,N,01001.91190,E,6.879,167.65,091225,,,R,V*1A
2025-12-09T14:55:11.170525Z,$GNGGA,145510.00,5703.82938,N,01001.91190,E,4,12,0.60,15.4,M,42.3,M,1.0,0000*55,$GNRMC,145511.00,A,5703.82734,N,01001.91272,E,7.881,167.31,091225,,,R,V*11
2025-12-09T14:55:11.175292Z,$GNGGA,145511.00,5703.82734,N,01001.91272,E,4,12,0.60,15.3,M,42.3,M,1.0,0000*5E,$GNRMC,145511.00,A,5703.82734,N,01001.91272,E,7.881,167.31,091225,,,R,V*11
2025-12-09T14:55:12.198268Z,$GNGGA,145511.00,5703.82734,N,01001.91272,E,4,12,0.60,15.3,M,42.3,M,1.0,0000*5E,$GNRMC,145512.00,A,5703.82510,N,01001.91364,E,8.359,167.76,091225,,,R,V*12
2025-12-09T14:55:12.203230Z,$GNGGA,145512.00,5703.82510,N,01001.91364,E,4,12,0.60,15.4,M,42.3,M,1.0,0000*58,$GNRMC,145512.00,A,5703.82510,N,01001.91364,E,8.359,167.76,091225,,,R,V*12
2025-12-09T14:55:13.161295Z,$GNGGA,145512.00,5703.82510,N,01001.91364,E,4,12,0.60,15.4,M,42.3,M,1.0,0000*58,$GNRMC,145513.00,A,5703.82286,N,01001.91439,E,8.161,170.34,091225,,,R,V*1D
2025-12-09T14:55:13.166097Z,$GNGGA,145513.00,5703.82286,N,01001.91439,E,4,12,0.60,15.4,M,42.3,M,1.0,0000*5E,$GNRMC,145513.00,A,5703.82286,N,01001.91439,E,8.161,170.34,091225,,,R,V*1D
2025-12-09T14:55:14.192480Z,$GNGGA,145513.00,5703.82286,N,01001.91439,E,4,12,0.60,15.4,M,42.3,M,1.0,0000*5E,$GNRMC,145514.00,A,5703.82067,N,01001.91493,E,7.938,172.94,091225,,,R,V*14
2025-12-09T14:55:14.197237Z,$GNGGA,145514.00,5703.82067,N,01001.91493,E,4,12,0.60,15.4,M,42.3,M,1.0,0000*54,$GNRMC,145514.00,A,5703.82067,N,01001.91493,E,7.938,172.94,091225,,,R,V*14
2025-12-09T14:55:15.166510Z,$GNGGA,145514.00,5703.82067,N,01001.91493,E,4,12,0.60,15.4,M,42.3,M,1.0,0000*54,$GNRMC,145515.00,A,5703.81854,N,01001.91538,E,7.571,173.78,091225,,,R,V*1C
2025-12-09T14:55:15.171210Z,$GNGGA,145515.00,5703.81854,N,01001.91538,E,4,12,0.60,15.5,M,42.3,M,1.0,0000*5F,$GNRMC,145515.00,A,5703.81854,N,01001.91538,E,7.571,173.78,091225,,,R,V*1C
2025-12-09T14:55:16.190486Z,$GNGGA,145515.00,5703.81854,N,01001.91538,E,4,12,0.60,15.5,M,42.3,M,1.0,0000*5F,$GNRMC,145516.00,A,5703.81652,N,01001.91576,E,7.225,173.90,091225,,,R,V*1D
2025-12-09T14:55:16.195244Z,$GNGGA,145516.00,5703.81652,N,01001.91576,E,4,12,0.60,15.4,M,42.3,M,1.0,0000*5F,$GNRMC,145516.00,A,5703.81652,N,01001.91576,E,7.225,173.90,091225,,,R,V*1D
2025-12-09T14:55:17.182541Z,$GNGGA,145516.00,5703.81652,N,01001.91576,E,4,12,0.60,15.4,M,42.3,M,1.0,0000*5F,$GNRMC,145517.00,A,5703.81457,N,01001.91623,E,7.113,171.63,091225,,,R,V*10
2025-12-09T14:55:17.187336Z,$GNGGA,145517.00,5703.81457,N,01001.91623,E,4,12,0.60,15.4,M,42.3,M,1.0,0000*5A,$GNRMC,145517.00,A,5703.81457,N,01001.91623,E,7.113,171.63,091225,,,R,V*10
2025-12-09T14:55:18.201465Z,$GNGGA,145517.00,5703.81457,N,01001.91623,E,4,12,0.60,15.4,M,42.3,M,1.0,0000*5A,$GNRMC,145518.00,A,5703.81261,N,01001.91687,E,7.140,169.33,091225,,,R,V*18
2025-12-09T14:55:18.206299Z,$GNGGA,145518.00,5703.81261,N,01001.91687,E,4,12,0.60,15.4,M,42.3,M,1.0,0000*58,$GNRMC,145518.00,A,5703.81261,N,01001.91687,E,7.140,169.33,091225,,,R,V*18
2025-12-09T14:55:19.162478Z,$GNGGA,145518.00,5703.81261,N,01001.91687,E,4,12,0.60,15.4,M,42.3,M,1.0,0000*58,$GNRMC,145519.00,A,5703.81065,N,01001.91761,E,7.274,168.38,091225,,,R,V*18
2025-12-09T14:55:19.167232Z,$GNGGA,145519.00,5703.81065,N,01001.91761,E,4,12,0.60,15.4,M,42.3,M,1.0,0000*56,$GNRMC,145519.00,A,5703.81065,N,01001.91761,E,7.274,168.38,091225,,,R,V*18
2025-12-09T14:55:20.187829Z,$GNGGA,145519.00,5703.81065,N,01001.91761,E,4,12,0.60,15.4,M,42.3,M,1.0,0000*56,$GNRMC,145520.00,A,5703.80869,N,01001.91843,E,7.276,166.78,091225,,,R,V*10
2025-12-09T14:55:20.192751Z,$GNGGA,145520.00,5703.80869,N,01001.91843,E,4,12,0.60,15.4,M,42.3,M,1.0,0000*56,$GNRMC,145520.00,A,5703.80869,N,01001.91843,E,7.276,166.78,091225,,,R,V*10
2025-12-09T14:55:21.167379Z,$GNGGA,145520.00,5703.80869,N,01001.91843,E,4,12,0.60,15.4,M,42.3,M,1.0,0000*56,$GNRMC,145521.00,A,5703.80676,N,01001.91924,E,7.033,167.30,091225,,,R,V*1F
2025-12-09T14:55:21.172160Z,$GNGGA,145521.00,5703.80676,N,01001.91924,E,4,12,0.60,15.4,M,42.3,M,1.0,0000*57,$GNRMC,145521.00,A,5703.80676,N,01001.91924,E,7.033,167.30,091225,,,R,V*1F
2025-12-09T14:55:22.205528Z,$GNGGA,145521.00,5703.80676,N,01001.91924,E,4,12,0.60,15.4,M,42.3,M,1.0,0000*57,$GNRMC,145522.00,A,5703.80507,N,01001.91973,E,5.678,173.55,091225,,,R,V*16
2025-12-09T14:55:22.210371Z,$GNGGA,145522.00,5703.80507,N,01001.91973,E,4,12,0.60,15.5,M,42.3,M,1.0,0000*52,$GNRMC,145522.00,A,5703.80507,N,01001.91973,E,5.678,173.55,091225,,,R,V*16
2025-12-09T14:55:23.156935Z,$GNGGA,145522.00,5703.80507,N,01001.91973,E,4,12,0.60,15.5,M,42.3,M,1.0,0000*52,$GNRMC,145523.00,A,5703.80413,N,01001.91942,E,2.474,206.82,091225,,,R,V*13
2025-12-09T14:55:23.160641Z,$GNGGA,145523.00,5703.80413,N,01001.91942,E,4,12,0.60,15.4,M,42.3,M,1.0,0000*54,$GNRMC,145523.00,A,5703.80413,N,01001.91942,E,2.474,206.82,091225,,,R,V*13
2025-12-09T14:55:24.201584Z,$GNGGA,145523.00,5703.80413,N,01001.91942,E,4,12,0.60,15.4,M,42.3,M,1.0,0000*54,$GNRMC,145524.00,A,5703.80398,N,01001.91862,E,1.699,275.70,091225,,,R,V*18
2025-12-09T14:55:24.206445Z,$GNGGA,145524.00,5703.80398,N,01001.91862,E,4,12,0.60,15.0,M,42.3,M,1.0,0000*50,$GNRMC,145524.00,A,5703.80398,N,01001.91862,E,1.699,275.70,091225,,,R,V*18
2025-12-09T14:55:25.162739Z,$GNGGA,145524.00,5703.80398,N,01001.91862,E,4,12,0.60,15.0,M,42.3,M,1.0,0000*50,$GNRMC,145525.00,A,5703.80459,N,01001.91757,E,3.820,324.15,091225,,,R,V*12
2025-12-09T14:55:25.167635Z,$GNGGA,145525.00,5703.80459,N,01001.91757,E,4,12,0.60,14.8,M,42.3,M,1.0,0000*5B,$GNRMC,145525.00,A,5703.80459,N,01001.91757,E,3.820,324.15,091225,,,R,V*12
2025-12-09T14:55:26.191402Z,$GNGGA,145525.00,5703.80459,N,01001.91757,E,4,12,0.60,14.8,M,42.3,M,1.0,0000*5B,$GNRMC,145526.00,A,5703.80589,N,01001.91638,E,5.747,336.55,091225,,,R,V*1A
2025-12-09T14:55:26.196231Z,$GNGGA,145526.00,5703.80589,N,01001.91638,E,4,12,0.60,15.0,M,42.3,M,1.0,0000*55,$GNRMC,145526.00,A,5703.80589,N,01001.91638,E,5.747,336.55,091225,,,R,V*1A
2025-12-09T14:55:27.164450Z,$GNGGA,145526.00,5703.80589,N,01001.91638,E,4,12,0.60,15.0,M,42.3,M,1.0,0000*55,$GNRMC,145527.00,A,5703.80756,N,01001.91546,E,6.364,346.01,091225,,,R,V*11
2025-12-09T14:55:27.169217Z,$GNGGA,145527.00,5703.80756,N,01001.91546,E,4,12,0.60,15.4,M,42.3,M,1.0,0000*5A,$GNRMC,145527.00,A,5703.80756,N,01001.91546,E,6.364,346.01,091225,,,R,V*11
2025-12-09T14:55:28.186641Z,$GNGGA,145527.00,5703.80756,N,01001.91546,E,4,12,0.60,15.4,M,42.3,M,1.0,0000*5A,$GNRMC,145528.00,A,5703.80942,N,01001.91491,E,6.974,352.63,091225,,,R,V*14
2025-12-09T14:55:28.191483Z,$GNGGA,145528.00,5703.80942,N,01001.91491,E,4,12,0.60,15.6,M,42.3,M,1.0,0000*57,$GNRMC,145528.00,A,5703.80942,N,01001.91491,E,6.974,352.63,091225,,,R,V*14
2025-12-09T14:55:29.149542Z,$GNGGA,145528.00,5703.80942,N,01001.91491,E,4,12,0.60,15.6,M,42.3,M,1.0,0000*57,$GNRMC,145529.00,A,5703.81146,N,01001.91454,E,7.598,354.78,091225,,,R,V*12
2025-12-09T14:55:29.154363Z,$GNGGA,145529.00,5703.81146,N,01001.91454,E,4,12,0.60,15.8,M,42.3,M,1.0,0000*5C,$GNRMC,145529.00,A,5703.81146,N,01001.91454,E,7.598,354.78,091225,,,R,V*12
2025-12-09T14:55:30.190578Z,$GNGGA,145529.00,5703.81146,N,01001.91454,E,4,12,0.60,15.8,M,42.3,M,1.0,0000*5C,$GNRMC,145530.00,A,5703.81368,N,01001.91418,E,8.269,354.65,091225,,,R,V*16
2025-12-09T14:55:30.195484Z,$GNGGA,145530.00,5703.81368,N,01001.91418,E,4,12,0.60,15.9,M,42.3,M,1.0,0000*53,$GNRMC,145530.00,A,5703.81368,N,01001.91418,E,8.269,354.65,091225,,,R,V*16
2025-12-09T14:55:31.162538Z,$GNGGA,145530.00,5703.81368,N,01001.91418,E,4,12,0.60,15.9,M,42.3,M,1.0,0000*53,$GNRMC,145531.00,A,5703.81595,N,01001.91383,E,8.075,355.67,091225,,,R,V*1A
2025-12-09T14:55:31.167366Z,$GNGGA,145531.00,5703.81595,N,01001.91383,E,4,12,0.60,16.0,M,42.3,M,1.0,0000*59,$GNRMC,145531.00,A,5703.81595,N,01001.91383,E,8.075,355.67,091225,,,R,V*1A
2025-12-09T14:55:32.195484Z,$GNGGA,145531.00,5703.81595,N,01001.91383,E,4,12,0.60,16.0,M,42.3,M,1.0,0000*59,$GNRMC,145532.00,A,5703.81817,N,01001.91351,E,8.085,355.21,091225,,,R,V*1C
2025-12-09T14:55:32.200195Z,$GNGGA,145532.00,5703.81817,N,01001.91351,E,4,12,0.60,16.1,M,42.3,M,1.0,0000*53,$GNRMC,145532.00,A,5703.81817,N,01001.91351,E,8.085,355.21,091225,,,R,V*1C
2025-12-09T14:55:33.170685Z,$GNGGA,145532.00,5703.81817,N,01001.91351,E,4,12,0.60,16.1,M,42.3,M,1.0,0000*53,$GNRMC,145533.00,A,5703.82052,N,01001.91301,E,8.666,352.51,091225,,,R,V*19
2025-12-09T14:55:33.175492Z,$GNGGA,145533.00,5703.82052,N,01001.91301,E,4,12,0.60,16.1,M,42.3,M,1.0,0000*5D,$GNRMC,145533.00,A,5703.82052,N,01001.91301,E,8.666,352.51,091225,,,R,V*19
2025-12-09T14:55:34.195555Z,$GNGGA,145533.00,5703.82052,N,01001.91301,E,4,12,0.60,16.1,M,42.3,M,1.0,0000*5D,$GNRMC,145534.00,A,5703.82297,N,01001.91227,E,9.033,349.83,091225,,,R,V*12
2025-12-09T14:55:34.200391Z,$GNGGA,145534.00,5703.82297,N,01001.91227,E,4,12,0.60,16.0,M,42.3,M,1.0,0000*55,$GNRMC,145534.00,A,5703.82297,N,01001.91227,E,9.033,349.83,091225,,,R,V*12
2025-12-09T14:55:35.164367Z,$GNGGA,145534.00,5703.82297,N,01001.91227,E,4,12,0.60,16.0,M,42.3,M,1.0,0000*55,$GNRMC,145535.00,A,5703.82549,N,01001.91135,E,9.447,348.57,091225,,,R,V*18
2025-12-09T14:55:35.169152Z,$GNGGA,145535.00,5703.82549,N,01001.91135,E,4,12,0.60,15.9,M,42.3,M,1.0,0000*5A,$GNRMC,145535.00,A,5703.82549,N,01001.91135,E,9.447,348.57,091225,,,R,V*18
2025-12-09T14:55:36.191583Z,$GNGGA,145535.00,5703.82549,N,01001.91135,E,4,12,0.60,15.9,M,42.3,M,1.0,0000*5A,$GNRMC,145536.00,A,5703.82805,N,01001.91041,E,9.356,349.00,091225,,,R,V*18
2025-12-09T14:55:36.196526Z,$GNGGA,145536.00,5703.82805,N,01001.91041,E,4,12,0.60,15.8,M,42.3,M,1.0,0000*5F,$GNRMC,145536.00,A,5703.82805,N,01001.91041,E,9.356,349.00,091225,,,R,V*18
2025-12-09T14:55:37.152489Z,$GNGGA,145536.00,5703.82805,N,01001.91041,E,4,12,0.60,15.8,M,42.3,M,1.0,0000*5F,$GNRMC,145537.00,A,5703.83048,N,01001.90968,E,8.463,351.91,091225,,,R,V*1B
2025-12-09T14:55:37.157226Z,$GNGGA,145537.00,5703.83048,N,01001.90968,E,4,12,0.60,15.8,M,42.3,M,1.0,0000*5D,$GNRMC,145537.00,A,5703.83048,N,01001.90968,E,8.463,351.91,091225,,,R,V*1B
2025-12-09T14:55:38.191385Z,$GNGGA,145537.00,5703.83048,N,01001.90968,E,4,12,0.60,15.8,M,42.3,M,1.0,0000*5D,$GNRMC,145538.00,A,5703.83237,N,01001.90951,E,6.167,0.03,091225,,,R,V*17
2025-12-09T14:55:38.196201Z,$GNGGA,145538.00,5703.83237,N,01001.90951,E,4,12,0.60,15.9,M,42.3,M,1.0,0000*53,$GNRMC,145538.00,A,5703.83237,N,01001.90951,E,6.167,0.03,091225,,,R,V*17
2025-12-09T14:55:39.168471Z,$GNGGA,145538.00,5703.83237,N,01001.90951,E,4,12,0.60,15.9,M,42.3,M,1.0,0000*53,$GNRMC,145539.00,A,5703.83343,N,01001.91000,E,2.772,31.34,091225,,,R,V*28
2025-12-09T14:55:39.173188Z,$GNGGA,145539.00,5703.83343,N,01001.91000,E,4,12,0.60,16.0,M,42.3,M,1.0,0000*56,$GNRMC,145539.00,A,5703.83343,N,01001.91000,E,2.772,31.34,091225,,,R,V*28
2025-12-09T14:55:40.202449Z,$GNGGA,145539.00,5703.83343,N,01001.91000,E,4,12,0.60,16.0,M,42.3,M,1.0,0000*56,$GNRMC,145540.00,A,5703.83364,N,01001.91068,E,1.154,78.65,091225,,,R,V*25
2025-12-09T14:55:40.207146Z,$GNGGA,145540.00,5703.83364,N,01001.91068,E,4,12,0.60,16.1,M,42.3,M,1.0,0000*52,$GNRMC,145540.00,A,5703.83364,N,01001.91068,E,1.154,78.65,091225,,,R,V*25
2025-12-09T14:55:41.163435Z,$GNGGA,145540.00,5703.83364,N,01001.91068,E,4,12,0.60,16.1,M,42.3,M,1.0,0000*52,$GNRMC,145541.00,A,5703.83345,N,01001.91115,E,1.378,137.25,091225,,,R,V*1E
2025-12-09T14:55:41.168294Z,$GNGGA,145541.00,5703.83345,N,01001.91115,E,4,12,0.60,16.1,M,42.3,M,1.0,0000*5B,$GNRMC,145541.00,A,5703.83345,N,01001.91115,E,1.378,137.25,091225,,,R,V*1E
2025-12-09T14:55:42.190354Z,$GNGGA,145541.00,5703.83345,N,01001.91115,E,4,12,0.60,16.1,M,42.3,M,1.0,0000*5B,$GNRMC,145542.00,A,5703.83342,N,01001.91115,E,0.927,317.98,091225,,,R,V*1D
2025-12-09T14:55:42.195148Z,$GNGGA,145542.00,5703.83342,N,01001.91115,E,4,12,0.60,16.0,M,42.3,M,1.0,0000*5E,$GNRMC,145542.00,A,5703.83342,N,01001.91115,E,0.927,317.98,091225,,,R,V*1D
2025-12-09T14:55:43.161691Z,$GNGGA,145542.00,5703.83342,N,01001.91115,E,4,12,0.60,16.0,M,42.3,M,1.0,0000*5E,$GNRMC,145543.00,A,5703.83408,N,01001.91023,E,3.731,324.78,091225,,,R,V*15
2025-12-09T14:55:43.166506Z,$GNGGA,145543.00,5703.83408,N,01001.91023,E,4,12,0.60,15.7,M,42.3,M,1.0,0000*56,$GNRMC,145543.00,A,5703.83408,N,01001.91023,E,3.731,324.78,091225,,,R,V*15
2025-12-09T14:55:44.188479Z,$GNGGA,145543.00,5703.83408,N,01001.91023,E,4,12,0.60,15.7,M,42.3,M,1.0,0000*56,$GNRMC,145544.00,A,5703.83515,N,01001.90896,E,4.651,328.81,091225,,,R,V*12
2025-12-09T14:55:44.193257Z,$GNGGA,145544.00,5703.83515,N,01001.90896,E,4,12,0.60,15.4,M,42.3,M,1.0,0000*58,$GNRMC,145544.00,A,5703.83515,N,01001.90896,E,4.651,328.81,091225,,,R,V*12
2025-12-09T14:55:45.157283Z,$GNGGA,145544.00,5703.83515,N,01001.90896,E,4,12,0.60,15.4,M,42.3,M,1.0,0000*58,$GNRMC,145545.00,A,5703.83576,N,01001.90872,E,1.648,5.31,091225,,,R,V*16
2025-12-09T14:55:45.162028Z,$GNGGA,145545.00,5703.83576,N,01001.90872,E,4,12,0.60,15.5,M,42.3,M,1.0,0000*57,$GNRMC,145545.00,A,5703.83576,N,01001.90872,E,1.648,5.31,091225,,,R,V*16
2025-12-09T14:55:46.193751Z,$GNGGA,145545.00,5703.83576,N,01001.90872,E,4,12,0.60,15.5,M,42.3,M,1.0,0000*57,$GNRMC,145546.00,A,5703.83597,N,01001.90907,E,0.977,72.12,091225,,,R,V*2A
2025-12-09T14:55:46.198744Z,$GNGGA,145546.00,5703.83597,N,01001.90907,E,4,12,0.60,15.6,M,42.3,M,1.0,0000*5B,$GNRMC,145546.00,A,5703.83597,N,01001.90907,E,0.977,72.12,091225,,,R,V*2A
2025-12-09T14:55:47.174395Z,$GNGGA,145546.00,5703.83597,N,01001.90907,E,4,12,0.60,15.6,M,42.3,M,1.0,0000*5B,$GNRMC,145547.00,A,5703.83568,N,01001.90981,E,2.335,134.16,091225,,,R,V*1C
2025-12-09T14:55:47.179107Z,$GNGGA,145547.00,5703.83568,N,01001.90981,E,4,12,0.60,15.7,M,42.3,M,1.0,0000*55,$GNRMC,145547.00,A,5703.83568,N,01001.90981,E,2.335,134.16,091225,,,R,V*1C
2025-12-09T14:55:48.201521Z,$GNGGA,145547.00,5703.83568,N,01001.90981,E,4,12,0.60,15.7,M,42.3,M,1.0,0000*55,$GNRMC,145548.00,A,5703.83493,N,01001.91075,E,3.635,148.96,091225,,,R,V*12
2025-12-09T14:55:48.206366Z,$GNGGA,145548.00,5703.83493,N,01001.91075,E,4,12,0.60,15.6,M,42.3,M,1.0,0000*5D,$GNRMC,145548.00,A,5703.83493,N,01001.91075,E,3.635,148.96,091225,,,R,V*12
2025-12-09T14:55:49.174424Z,$GNGGA,145548.00,5703.83493,N,01001.91075,E,4,12,0.60,15.6,M,42.3,M,1.0,0000*5D,$GNRMC,145549.00,A,5703.83385,N,01001.91159,E,4.438,159.93,091225,,,R,V*11
2025-12-09T14:55:49.179093Z,$GNGGA,145549.00,5703.83385,N,01001.91159,E,4,12,0.60,15.5,M,42.3,M,1.0,0000*50,$GNRMC,145549.00,A,5703.83385,N,01001.91159,E,4.438,159.93,091225,,,R,V*11
2025-12-09T14:55:50.200394Z,$GNGGA,145549.00,5703.83385,N,01001.91159,E,4,12,0.60,15.5,M,42.3,M,1.0,0000*50,$GNRMC,145550.00,A,5703.83247,N,01001.91230,E,5.528,165.68,091225,,,R,V*10
2025-12-09T14:55:50.205116Z,$GNGGA,145550.00,5703.83247,N,01001.91230,E,4,12,0.60,15.4,M,42.3,M,1.0,0000*5A,$GNRMC,145550.00,A,5703.83247,N,01001.91230,E,5.528,165.68,091225,,,R,V*10
2025-12-09T14:55:51.168759Z,$GNGGA,145550.00,5703.83247,N,01001.91230,E,4,12,0.60,15.4,M,42.3,M,1.0,0000*5A,$GNRMC,145551.00,A,5703.83096,N,01001.91281,E,5.473,171.46,091225,,,R,V*13
2025-12-09T14:55:51.173645Z,$GNGGA,145551.00,5703.83096,N,01001.91281,E,4,12,0.60,15.5,M,42.3,M,1.0,0000*5E,$GNRMC,145551.00,A,5703.83096,N,01001.91281,E,5.473,171.46,091225,,,R,V*13
2025-12-09T14:55:52.199453Z,$GNGGA,145551.00,5703.83096,N,01001.91281,E,4,12,0.60,15.5,M,42.3,M,1.0,0000*5E,$GNRMC,145552.00,A,5703.82960,N,01001.91295,E,4.448,180.55,091225,,,R,V*11
2025-12-09T14:55:52.204191Z,$GNGGA,145552.00,5703.82960,N,01001.91295,E,4,12,0.60,15.4,M,42.3,M,1.0,0000*58,$GNRMC,145552.00,A,5703.82960,N,01001.91295,E,4.448,180.55,091225,,,R,V*11
2025-12-09T14:55:53.158611Z,$GNGGA,145552.00,5703.82960,N,01001.91295,E,4,12,0.60,15.4,M,42.3,M,1.0,0000*58,$GNRMC,145553.00,A,5703.82904,N,01001.91240,E,1.767,230.50,091225,,,R,V*1C
2025-12-09T14:55:53.163428Z,$GNGGA,145553.00,5703.82904,N,01001.91240,E,4,12,0.60,14.5,M,42.3,M,1.0,0000*53,$GNRMC,145553.00,A,5703.82904,N,01001.91240,E,1.767,230.50,091225,,,R,V*1C
2025-12-09T14:55:54.189549Z,$GNGGA,145553.00,5703.82904,N,01001.91240,E,4,12,0.60,14.5,M,42.3,M,1.0,0000*53,$GNRMC,145554.00,A,5703.82881,N,01001.91180,E,1.297,234.78,091225,,,R,V*1C
2025-12-09T14:55:54.194364Z,$GNGGA,145554.00,5703.82881,N,01001.91180,E,4,12,0.60,13.2,M,42.3,M,1.0,0000*57,$GNRMC,145554.00,A,5703.82881,N,01001.91180,E,1.297,234.78,091225,,,R,V*1C
2025-12-09T14:55:55.160403Z,$GNGGA,145554.00,5703.82881,N,01001.91180,E,4,12,0.60,13.2,M,42.3,M,1.0,0000*57,$GNRMC,145555.00,A,5703.82857,N,01001.91154,E,1.116,187.51,091225,,,R,V*15
2025-12-09T14:55:55.165165Z,$GNGGA,145555.00,5703.82857,N,01001.91154,E,4,12,0.60,12.2,M,42.3,M,1.0,0000*55,$GNRMC,145555.00,A,5703.82857,N,01001.91154,E,1.116,187.51,091225,,,R,V*15
2025-12-09T14:55:56.180639Z,$GNGGA,145555.00,5703.82857,N,01001.91154,E,4,12,0.60,12.2,M,42.3,M,1.0,0000*55,$GNRMC,145556.00,A,5703.82809,N,01001.91186,E,2.006,154.36,091225,,,R,V*1E
2025-12-09T14:55:56.185435Z,$GNGGA,145556.00,5703.82809,N,01001.91186,E,4,12,0.60,11.3,M,42.3,M,1.0,0000*50,$GNRMC,145556.00,A,5703.82809,N,01001.91186,E,2.006,154.36,091225,,,R,V*1E
2025-12-09T14:55:57.158431Z,$GNGGA,145556.00,5703.82809,N,01001.91186,E,4,12,0.60,11.3,M,42.3,M,1.0,0000*50,$GNRMC,145557.00,A,5703.82763,N,01001.91223,E,1.625,155.66,091225,,,R,V*10
2025-12-09T14:55:57.163286Z,$GNGGA,145557.00,5703.82763,N,01001.91223,E,4,12,0.60,10.2,M,42.3,M,1.0,0000*5E,$GNRMC,145557.00,A,5703.82763,N,01001.91223,E,1.625,155.66,091225,,,R,V*10
2025-12-09T14:55:58.180454Z,$GNGGA,145557.00,5703.82763,N,01001.91223,E,4,12,0.60,10.2,M,42.3,M,1.0,0000*5E,$GNRMC,145558.00,A,5703.82722,N,01001.91253,E,1.458,158.83,091225,,,R,V*13
2025-12-09T14:55:58.185237Z,$GNGGA,145558.00,5703.82722,N,01001.91253,E,4,12,0.60,8.9,M,42.3,M,1.0,0000*61,$GNRMC,145558.00,A,5703.82722,N,01001.91253,E,1.458,158.83,091225,,,R,V*13
2025-12-09T14:55:59.157607Z,$GNGGA,145558.00,5703.82722,N,01001.91253,E,4,12,0.60,8.9,M,42.3,M,1.0,0000*61,$GNRMC,145559.00,A,5703.82696,N,01001.91273,E,0.801,158.01,091225,,,R,V*15
2025-12-09T14:55:59.162306Z,$GNGGA,145559.00,5703.82696,N,01001.91273,E,4,12,0.60,7.3,M,42.3,M,1.0,0000*69,$GNRMC,145559.00,A,5703.82696,N,01001.91273,E,0.801,158.01,091225,,,R,V*15
2025-12-09T14:56:00.165426Z,$GNGGA,145559.00,5703.82696,N,01001.91273,E,4,12,0.60,7.3,M,42.3,M,1.0,0000*69,$GNRMC,145600.00,A,5703.82676,N,01001.91289,E,0.799,155.01,091225,,,R,V*12
2025-12-09T14:56:00.181105Z,$GNGGA,145600.00,5703.82676,N,01001.91289,E,4,12,0.60,5.6,M,42.3,M,1.0,0000*6A,$GNRMC,145600.00,A,5703.82676,N,01001.91289,E,0.799,155.01,091225,,,R,V*12
2025-12-09T14:56:01.156455Z,$GNGGA,145600.00,5703.82676,N,01001.91289,E,4,12,0.60,5.6,M,42.3,M,1.0,0000*6A,$GNRMC,145601.00,A,5703.82653,N,01001.91310,E,0.945,153.99,091225,,,R,V*1D
2025-12-09T14:56:01.161273Z,$GNGGA,145601.00,5703.82653,N,01001.91310,E,4,12,0.60,4.0,M,42.3,M,1.0,0000*6A,$GNRMC,145601.00,A,5703.82653,N,01001.91310,E,0.945,153.99,091225,,,R,V*1D
2025-12-09T14:56:02.192614Z,$GNGGA,145601.00,5703.82653,N,01001.91310,E,4,12,0.60,4.0,M,42.3,M,1.0,0000*6A,$GNRMC,145602.00,A,5703.82640,N,01001.91323,E,0.277,158.60,091225,,,R,V*1B
2025-12-09T14:56:02.197336Z,$GNGGA,145602.00,5703.82640,N,01001.91323,E,4,12,0.60,2.6,M,42.3,M,1.0,0000*6B,$GNRMC,145602.00,A,5703.82640,N,01001.91323,E,0.277,158.60,091225,,,R,V*1B
2025-12-09T14:56:03.168563Z,$GNGGA,145602.00,5703.82640,N,01001.91323,E,4,12,0.60,2.6,M,42.3,M,1.0,0000*6B,$GNRMC,145603.00,A,5703.82643,N,01001.91316,E,0.199,,091225,,,R,V*08
2025-12-09T14:56:03.173197Z,$GNGGA,145603.00,5703.82643,N,01001.91316,E,4,12,0.60,1.0,M,42.3,M,1.0,0000*6A,$GNRMC,145603.00,A,5703.82643,N,01001.91316,E,0.199,,091225,,,R,V*08
2025-12-09T14:56:04.198455Z,$GNGGA,145603.00,5703.82643,N,01001.91316,E,4,12,0.60,1.0,M,42.3,M,1.0,0000*6A,$GNRMC,145604.00,A,5703.82649,N,01001.91320,E,0.245,28.11,091225,,,R,V*26
2025-12-09T14:56:04.203165Z,$GNGGA,145604.00,5703.82649,N,01001.91320,E,4,12,0.60,-0.7,M,42.3,M,1.0,0000*49,$GNRMC,145604.00,A,5703.82649,N,01001.91320,E,0.245,28.11,091225,,,R,V*26
2025-12-09T14:56:05.151385Z,$GNGGA,145604.00,5703.82649,N,01001.91320,E,4,12,0.60,-0.7,M,42.3,M,1.0,0000*49,$GNRMC,145605.00,A,5703.82650,N,01001.91325,E,0.149,,091225,,,R,V*01
2025-12-09T14:56:05.155979Z,$GNGGA,145605.00,5703.82650,N,01001.91325,E,4,12,0.60,-1.5,M,42.3,M,1.0,0000*46,$GNRMC,145605.00,A,5703.82650,N,01001.91325,E,0.149,,091225,,,R,V*01
2025-12-09T14:56:06.179401Z,$GNGGA,145605.00,5703.82650,N,01001.91325,E,4,12,0.60,-1.5,M,42.3,M,1.0,0000*46,$GNRMC,145606.00,A,5703.82648,N,01001.91325,E,0.050,,091225,,,R,V*02
2025-12-09T14:56:06.184086Z,$GNGGA,145606.00,5703.82648,N,01001.91325,E,4,12,0.60,-1.9,M,42.3,M,1.0,0000*40,$GNRMC,145606.00,A,5703.82648,N,01001.91325,E,0.050,,091225,,,R,V*02
2025-12-09T14:56:07.153340Z,$GNGGA,145606.00,5703.82648,N,01001.91325,E,4,12,0.60,-1.9,M,42.3,M,1.0,0000*40,$GNRMC,145607.00,A,5703.82647,N,01001.91321,E,0.095,,091225,,,R,V*01
2025-12-09T14:56:07.157948Z,$GNGGA,145607.00,5703.82647,N,01001.91321,E,4,12,0.60,-2.3,M,42.3,M,1.0,0000*43,$GNRMC,145607.00,A,5703.82647,N,01001.91321,E,0.095,,091225,,,R,V*01
2025-12-09T14:56:08.175506Z,$GNGGA,145607.00,5703.82647,N,01001.91321,E,4,12,0.60,-2.3,M,42.3,M,1.0,0000*43,$GNRMC,145608.00,A,5703.82645,N,01001.91322,E,0.050,,091225,,,R,V*06
2025-12-09T14:56:08.180152Z,$GNGGA,145608.00,5703.82645,N,01001.91322,E,4,12,0.60,-2.4,M,42.3,M,1.0,0000*4A,$GNRMC,145608.00,A,5703.82645,N,01001.91322,E,0.050,,091225,,,R,V*06
2025-12-09T14:56:09.164561Z,$GNGGA,145608.00,5703.82645,N,01001.91322,E,4,12,0.60,-2.4,M,42.3,M,1.0,0000*4A,$GNRMC,145609.00,A,5703.82645,N,01001.91322,E,0.007,,091225,,,R,V*05
2025-12-09T14:56:09.169248Z,$GNGGA,145609.00,5703.82645,N,01001.91322,E,4,12,0.60,-2.4,M,42.3,M,1.0,0000*4B,$GNRMC,145609.00,A,5703.82645,N,01001.91322,E,0.007,,091225,,,R,V*05
2025-12-09T14:56:10.195298Z,$GNGGA,145609.00,5703.82645,N,01001.91322,E,4,12,0.60,-2.4,M,42.3,M,1.0,0000*4B,$GNRMC,145610.00,A,5703.82645,N,01001.91322,E,0.011,,091225,,,R,V*0A
2025-12-09T14:56:10.199975Z,$GNGGA,145610.00,5703.82645,N,01001.91322,E,4,12,0.60,-2.4,M,42.3,M,1.0,0000*43,$GNRMC,145610.00,A,5703.82645,N,01001.91322,E,0.011,,091225,,,R,V*0A
2025-12-09T14:56:11.160444Z,$GNGGA,145610.00,5703.82645,N,01001.91322,E,4,12,0.60,-2.4,M,42.3,M,1.0,0000*43,$GNRMC,145611.00,A,5703.82645,N,01001.91322,E,0.012,,091225,,,R,V*08
2025-12-09T14:56:11.165090Z,$GNGGA,145611.00,5703.82645,N,01001.91322,E,4,12,0.60,-2.4,M,42.3,M,1.0,0000*42,$GNRMC,145611.00,A,5703.82645,N,01001.91322,E,0.012,,091225,,,R,V*08
2025-12-09T14:56:12.196545Z,$GNGGA,145611.00,5703.82645,N,01001.91322,E,4,12,0.60,-2.4,M,42.3,M,1.0,0000*42,$GNRMC,145612.00,A,5703.82645,N,01001.91323,E,0.015,,091225,,,R,V*0D
2025-12-09T14:56:12.201240Z,$GNGGA,145612.00,5703.82645,N,01001.91323,E,4,12,0.60,-2.4,M,42.3,M,1.0,0000*40,$GNRMC,145612.00,A,5703.82645,N,01001.91323,E,0.015,,091225,,,R,V*0D
2025-12-09T14:56:13.164385Z,$GNGGA,145612.00,5703.82645,N,01001.91323,E,4,12,0.60,-2.4,M,42.3,M,1.0,0000*40,$GNRMC,145613.00,A,5703.82644,N,01001.91323,E,0.002,,091225,,,R,V*0B
2025-12-09T14:56:13.169007Z,$GNGGA,145613.00,5703.82644,N,01001.91323,E,4,12,0.60,-2.4,M,42.3,M,1.0,0000*40,$GNRMC,145613.00,A,5703.82644,N,01001.91323,E,0.002,,091225,,,R,V*0B
2025-12-09T14:56:14.196375Z,$GNGGA,145613.00,5703.82644,N,01001.91323,E,4,12,0.60,-2.4,M,42.3,M,1.0,0000*40,$GNRMC,145614.00,A,5703.82644,N,01001.91322,E,0.010,,091225,,,R,V*0E
2025-12-09T14:56:14.200958Z,$GNGGA,145614.00,5703.82644,N,01001.91322,E,4,12,0.60,-2.4,M,42.3,M,1.0,0000*46,$GNRMC,145614.00,A,5703.82644,N,01001.91322,E,0.010,,091225,,,R,V*0E
2025-12-09T14:56:15.164258Z,$GNGGA,145614.00,5703.82644,N,01001.91322,E,4,12,0.60,-2.4,M,42.3,M,1.0,0000*46,$GNRMC,145615.00,A,5703.82645,N,01001.91323,E,0.014,,091225,,,R,V*0B
2025-12-09T14:56:15.168858Z,$GNGGA,145615.00,5703.82645,N,01001.91323,E,4,12,0.60,-2.4,M,42.3,M,1.0,0000*47,$GNRMC,145615.00,A,5703.82645,N,01001.91323,E,0.014,,091225,,,R,V*0B
2025-12-09T14:56:16.195418Z,$GNGGA,145615.00,5703.82645,N,01001.91323,E,4,12,0.60,-2.4,M,42.3,M,1.0,0000*47,$GNRMC,145616.00,A,5703.82645,N,01001.91322,E,0.009,,091225,,,R,V*05
2025-12-09T14:56:16.200051Z,$GNGGA,145616.00,5703.82645,N,01001.91322,E,4,12,0.60,-2.4,M,42.3,M,1.0,0000*45,$GNRMC,145616.00,A,5703.82645,N,01001.91322,E,0.009,,091225,,,R,V*05
2025-12-09T14:56:17.151530Z,$GNGGA,145616.00,5703.82645,N,01001.91322,E,4,12,0.60,-2.4,M,42.3,M,1.0,0000*45,$GNRMC,145617.00,A,5703.82645,N,01001.91322,E,0.004,,091225,,,R,V*09
2025-12-09T14:56:17.156162Z,$GNGGA,145617.00,5703.82645,N,01001.91322,E,4,12,0.60,-2.4,M,42.3,M,1.0,0000*44,$GNRMC,145617.00,A,5703.82645,N,01001.91322,E,0.004,,091225,,,R,V*09
2025-12-09T14:56:18.179541Z,$GNGGA,145617.00,5703.82645,N,01001.91322,E,4,12,0.60,-2.4,M,42.3,M,1.0,0000*44,$GNRMC,145618.00,A,5703.82645,N,01001.91323,E,0.004,,091225,,,R,V*07
2025-12-09T14:56:18.184279Z,$GNGGA,145618.00,5703.82645,N,01001.91323,E,4,12,0.60,-2.4,M,42.3,M,1.0,0000*4A,$GNRMC,145618.00,A,5703.82645,N,01001.91323,E,0.004,,091225,,,R,V*07
2025-12-09T14:56:19.168301Z,$GNGGA,145618.00,5703.82645,N,01001.91323,E,4,12,0.60,-2.4,M,42.3,M,1.0,0000*4A,$GNRMC,145619.00,A,5703.82645,N,01001.91323,E,0.006,,091225,,,R,V*04
2025-12-09T14:56:19.172954Z,$GNGGA,145619.00,5703.82645,N,01001.91323,E,4,12,0.60,-2.4,M,42.3,M,1.0,0000*4B,$GNRMC,145619.00,A,5703.82645,N,01001.91323,E,0.006,,091225,,,R,V*04
2025-12-09T14:56:20.211253Z,$GNGGA,145619.00,5703.82645,N,01001.91323,E,4,12,0.60,-2.4,M,42.3,M,1.0,0000*4B,$GNRMC,145620.00,A,5703.82644,N,01001.91322,E,0.021,,091225,,,R,V*0B
2025-12-09T14:56:20.216017Z,$GNGGA,145620.00,5703.82644,N,01001.91322,E,4,12,0.60,-2.4,M,42.3,M,1.0,0000*41,$GNRMC,145620.00,A,5703.82644,N,01001.91322,E,0.021,,091225,,,R,V*0B
2025-12-09T14:56:21.166417Z,$GNGGA,145620.00,5703.82644,N,01001.91322,E,4,12,0.60,-2.4,M,42.3,M,1.0,0000*41,$GNRMC,145621.00,A,5703.82645,N,01001.91322,E,0.014,,091225,,,R,V*0D
2025-12-09T14:56:21.171045Z,$GNGGA,145621.00,5703.82645,N,01001.91322,E,4,12,0.60,-2.4,M,42.3,M,1.0,0000*41,$GNRMC,145621.00,A,5703.82645,N,01001.91322,E,0.014,,091225,,,R,V*0D
2025-12-09T14:56:22.193376Z,$GNGGA,145621.00,5703.82645,N,01001.91322,E,4,12,0.60,-2.4,M,42.3,M,1.0,0000*41,$GNRMC,145622.00,A,5703.82645,N,01001.91324,E,0.039,,091225,,,R,V*07
2025-12-09T14:56:22.197938Z,$GNGGA,145622.00,5703.82645,N,01001.91324,E,4,12,0.60,-2.4,M,42.3,M,1.0,0000*44,$GNRMC,145622.00,A,5703.82645,N,01001.91324,E,0.039,,091225,,,R,V*07
2025-12-09T14:56:23.147061Z,$GNGGA,145622.00,5703.82645,N,01001.91324,E,4,12,0.60,-2.4,M,42.3,M,1.0,0000*44,$GNRMC,145623.00,A,5703.82644,N,01001.91324,E,0.013,,091225,,,R,V*0F
